DiversidadeLexica,TamanhoMedioDasPalavras,TamanhoMedioSentencas,StdevSentencas,TamanhoMedioParagrafos,StdevTamParagrafos,FrequenciaDeParagrafos,FrequenciaPalavrasDuplicadas,MediaSilabasPorPalavra,Ponto,Virgulas,Exclamacoes,DoisPontos,FreqCitacoes,FreqAdjetivos,FreqAdv,FreqArt,FreqSubs,FreqPrep,FreqVerb,FreqVerbosPtcp,FreqConj,FreqPronomes,PronomesPorPreposicao,FreqTermosNaoTageados,FreqPalavrasDeConteudo,FreqPalavrasFuncionais,FrequenciaFrasesNominais,FreqTotalEntidadesNomeadas,FreqEAbstracao,FreqEAcontecimento,FreqECoisa,FreqELocal,FreqEOrganizacao,FreqEObra,FreqEOutro,FreqEPessoa,FreqETempo,FreqEValor,GuiraudR,HerdanC,HerdanV,MedidaK,DugastU,MaasA,HonoresH,FreqPalavrasErradas,FrequenciaDeHapaxLegomenaLocal,FreqPalavrasComunsTam2,FreqPalavrasComunsTam3,FreqPalavrasComunsTam4,FrequenciaStopWords,BRFleshIndex,FreqOperadoresLogicos,Author
37.5,6.39032815,18.45070423,10.41503346,52.4,27.64054992,0.016191709844559584,0.08160622,1.9727979274611398,3.821243523316062,5.699481865284974,0.5181347150259067,0.38860103626943004,0.03626943005181347,0.04339378238341969,0.06411917098445596,0.07577720207253887,0.14443005181347152,0.10492227979274611,0.019430051813471502,0.10686528497409327,0.056347150259067356,0.08678756476683938,0.8271604938271605,0.09974093264248704,0.4319948186528497,0.23704663212435234,0.01489637,0.10621762,0.06707317073170732,0.06707317073170732,0.018292682926829267,0.09146341463414634,0.04878048780487805,0.06097560975609756,0.06097560975609756,0.03048780487804878,0.36585365853658536,0.18902439024390244,14.73516203,0.86641083,579.0,2.69530481,79.29128814,0.11230194,0.68739206,0.029145077720207253,0.25777202,0.012953367875647668,0.012953367875647668,0.012953367875647668,0.39119171,415.6929468911917,0.04598445595854922,'SP'
38.31444759,6.28518519,18.14705882,7.97286705,45.7037037,18.54686719,0.019121813031161474,0.08569405,1.9858356940509916,4.1784702549575075,6.373937677053824,0.28328611898017,0.28328611898017,0.0056657223796034,0.0453257790368272,0.0453257790368272,0.08569405099150142,0.17209631728045327,0.10764872521246459,0.014164305949008499,0.12960339943342777,0.06940509915014165,0.07577903682719547,0.7039473684210527,0.05807365439093484,0.4631728045325779,0.26274787535410765,0.00991501,0.12252125,0.05202312138728324,0.06358381502890173,0.07514450867052024,0.12716763005780346,0.08092485549132948,0.06936416184971098,0.057803468208092484,0.04046242774566474,0.30057803468208094,0.1329479768786127,14.39726229,0.86772721,541.0,2.68045137,79.10564347,0.11243364,0.66358595,0.031161473087818695,0.25424929,0.014164305949008499,0.014164305949008499,0.014164305949008499,0.39305949,416.7921317280453,0.04461756373937677,'SP'
44.32624113,6.37866667,15.25,9.1047149,38.52631579,17.75674348,0.022458628841607566,0.06973995,2.0508274231678487,4.491725768321513,6.973995271867612,1.0638297872340425,0.5910165484633569,0.002364066193853428,0.05200945626477541,0.05555555555555555,0.07092198581560284,0.14657210401891252,0.10520094562647754,0.014184397163120567,0.15484633569739953,0.0768321513002364,0.11347517730496454,1.0786516853932584,0.04728132387706856,0.43498817966903075,0.25295508274231676,0.00945626,0.12174941,0.08737864077669903,0.10679611650485436,0.009708737864077669,0.14563106796116504,0.038834951456310676,0.08737864077669903,0.038834951456310676,0.009708737864077669,0.2912621359223301,0.18446601941747573,12.89276558,0.87929812,375.0,2.60564319,80.56638517,0.11140971,0.70933333,0.028368794326241134,0.3144208,0.016548463356973995,0.02364066193853428,0.02364066193853428,0.40661939,422.28940898345155,0.05555555555555555,'SP'
43.84288747,6.42372881,12.92063492,7.33182146,31.30769231,18.48027895,0.027600849256900213,0.07324841,2.0392781316348194,4.246284501061571,6.369426751592357,1.4861995753715498,0.3184713375796178,0.0021231422505307855,0.049893842887473464,0.05732484076433121,0.07855626326963906,0.16666666666666666,0.09023354564755838,0.0074309978768577496,0.15711252653927812,0.07218683651804671,0.10084925690021232,1.1176470588235294,0.04777070063694268,0.4607218683651805,0.24097664543524416,0.01592357,0.09872611,0.07526881720430108,0.0967741935483871,0.053763440860215055,0.12903225806451613,0.043010752688172046,0.08602150537634409,0.07526881720430108,0.053763440860215055,0.25806451612903225,0.12903225806451613,13.45626714,0.87959155,413.0,2.62978634,82.05058265,0.11039748,0.71428571,0.032908704883227176,0.31316348,0.013800424628450107,0.021231422505307854,0.021231422505307854,0.39596603,421.3137526539278,0.05307855626326964,'SP'
42.96536797,6.26700252,13.06666667,7.80783083,32.66666667,21.9424753,0.025974025974025976,0.07359307,1.998917748917749,4.112554112554113,7.251082251082251,1.8398268398268398,0.3246753246753247,0.008658008658008658,0.045454545454545456,0.06493506493506493,0.08116883116883117,0.15800865800865802,0.10822510822510822,0.012987012987012988,0.1461038961038961,0.05411255411255411,0.10064935064935066,0.93,0.05194805194805195,0.44264069264069267,0.2435064935064935,0.01298701,0.07792208,0.09722222222222222,0.05555555555555555,0.013888888888888888,0.05555555555555555,0.027777777777777776,0.08333333333333333,0.027777777777777776,0.0,0.3194444444444444,0.3194444444444444,13.06034114,0.87629061,397.0,2.61575804,79.63622813,0.11205846,0.72040302,0.03787878787878788,0.30952381,0.0183982683982684,0.021645021645021644,0.021645021645021644,0.39177489,417.9006006493506,0.04220779220779221,'SP'
37.44120414,6.32663317,13.74626866,8.69266852,40.04347826,20.19573408,0.021636876763875823,0.0639699,2.013170272812794,5.174035747883349,5.079962370649106,1.1288805268109126,0.5644402634054563,0.011288805268109126,0.04045155221072436,0.04985888993414864,0.06773283160865474,0.17309501411100658,0.10912511759172154,0.012229539040451553,0.14111006585136407,0.07243650047036689,0.09689557855126998,0.8879310344827586,0.03857008466603951,0.4656632173095014,0.24929444967074318,0.00940734,0.09971778,0.05660377358490566,0.08490566037735849,0.03773584905660377,0.1509433962264151,0.05660377358490566,0.11320754716981132,0.07547169811320754,0.03773584905660377,0.20754716981132076,0.1792452830188679,12.20721068,0.85903007,398.0,2.59382473,71.319647,0.11841192,0.70854271,0.01317027281279398,0.26528692,0.01881467544684854,0.01881467544684854,0.01881467544684854,0.40075259,419.09573377234244,0.055503292568203196,'SP'
43.76391982,5.99491094,17.59090909,7.23098818,40.73684211,19.07283024,0.021158129175946547,0.08017817,1.9966592427616927,3.0066815144766146,6.6815144766147,1.55902004454343,0.89086859688196,0.004454342984409799,0.030066815144766147,0.05456570155902005,0.06792873051224944,0.17928730512249444,0.10022271714922049,0.013363028953229399,0.11581291759465479,0.07238307349665925,0.09242761692650334,0.9222222222222222,0.066815144766147,0.44543429844098,0.24053452115812918,0.01002227,0.09910913,0.056179775280898875,0.0898876404494382,0.033707865168539325,0.11235955056179775,0.056179775280898875,0.0898876404494382,0.0449438202247191,0.033707865168539325,0.2696629213483146,0.21348314606741572,13.11457986,0.87847944,393.0,2.61612123,80.73178607,0.11129553,0.69720102,0.03897550111358575,0.30512249,0.015590200445434299,0.022271714922048998,0.022271714922048998,0.39532294,417.72185412026727,0.05456570155902005,'SP'
46.77966102,6.50970874,18.17073171,9.05242843,41.38888889,23.9098745,0.020338983050847456,0.0700565,2.057627118644068,3.7288135593220337,8.022598870056497,0.6779661016949152,0.903954802259887,0.015819209039548022,0.03728813559322034,0.04745762711864407,0.07909604519774012,0.14350282485875707,0.0903954802259887,0.01807909604519774,0.13559322033898305,0.06666666666666667,0.1016949152542373,1.125,0.08587570621468926,0.41129943502824856,0.23615819209039549,0.00451977,0.08474576,0.02666666666666667,0.09333333333333334,0.013333333333333334,0.09333333333333334,0.09333333333333334,0.08,0.12,0.10666666666666667,0.25333333333333335,0.12,13.91645776,0.88803893,414.0,2.6414016,87.43694049,0.10694304,0.74637681,0.04293785310734463,0.34915254,0.015819209039548022,0.020338983050847456,0.022598870056497175,0.36949153,422.8666723163842,0.04406779661016949,'SP'
43.50086655,6.44023904,20.41666667,23.08664236,57.64705882,36.49325671,0.014731369150779897,0.06845754,2.0103986135181975,3.466204506065858,6.58578856152513,0.08665511265164645,0.6932409012131716,0.03292894280762565,0.05025996533795494,0.04072790294627383,0.08665511265164645,0.16204506065857885,0.09358752166377816,0.008665511265164644,0.12564991334488734,0.07538994800693241,0.10051993067590988,1.074074074074074,0.09185441941074524,0.4194107452339688,0.255632582322357,0.01213172,0.10485269,0.049586776859504134,0.09090909090909091,0.049586776859504134,0.0743801652892562,0.05785123966942149,0.05785123966942149,0.10743801652892562,0.03305785123966942,0.30578512396694213,0.17355371900826447,14.77749472,0.88194716,502.0,2.68079984,86.16842703,0.10772734,0.75498008,0.0389948006932409,0.32842288,0.00779896013864818,0.011265164644714038,0.01733102253032929,0.38388215,418.87866117850956,0.05459272097053726,'SP'
48.05555556,6.21387283,16.23684211,8.90131336,41.13333333,27.77976882,0.020833333333333332,0.06805556,2.0819444444444444,4.583333333333333,5.416666666666667,0.8333333333333334,0.8333333333333334,0.022222222222222223,0.05416666666666667,0.04722222222222222,0.0875,0.17916666666666667,0.10138888888888889,0.006944444444444444,0.12361111111111112,0.05,0.09583333333333334,0.9452054794520548,0.06666666666666667,0.4625,0.2388888888888889,0.00972222,0.09861111,0.028169014084507043,0.04225352112676056,0.028169014084507043,0.14084507042253522,0.028169014084507043,0.08450704225352113,0.08450704225352113,0.028169014084507043,0.2535211267605634,0.28169014084507044,12.89465867,0.88861765,346.0,2.59791628,85.21864919,0.10832599,0.74277457,0.04027777777777778,0.35694444,0.0125,0.025,0.027777777777777776,0.38611111,424.91956944444445,0.041666666666666664,'SP'
60.92715232,6.35869565,26.0,8.0746517,43.33333333,18.37268504,0.019867549668874173,0.09271523,2.23841059602649,3.3112582781456954,5.298013245033113,0.0,0.0,0.0,0.026490066225165563,0.0,0.07947019867549669,0.2251655629139073,0.15894039735099338,0.019867549668874173,0.06622516556291391,0.019867549668874173,0.013245033112582781,0.08333333333333333,0.10596026490066225,0.47019867549668876,0.2582781456953642,0.0,0.0794702,0.0,0.0,0.08333333333333333,0.08333333333333333,0.08333333333333333,0.08333333333333333,0.25,0.08333333333333333,0.16666666666666666,0.16666666666666666,7.48685382,0.90124305,92.0,2.28442288,73.29514181,0.11680526,0.72826087,0.10596026490066225,0.44370861,0.0,0.006622516556291391,0.013245033112582781,0.34437086,438.17092715231786,0.019867549668874173,'VSAL'
51.85185185,6.21904762,21.75,11.04253141,34.8,14.2744527,0.024691358024691357,0.07901235,2.234567901234568,3.950617283950617,5.185185185185185,0.0,0.7407407407407407,0.0049382716049382715,0.03950617283950617,0.007407407407407408,0.056790123456790124,0.2345679012345679,0.15308641975308643,0.019753086419753086,0.07654320987654321,0.05185185185185185,0.024691358024691357,0.16129032258064516,0.09876543209876543,0.4617283950617284,0.2617283950617284,0.00493827,0.07901235,0.125,0.03125,0.09375,0.125,0.0625,0.09375,0.09375,0.03125,0.125,0.21875,10.43498389,0.89060761,210.0,2.47675109,79.18081277,0.11238026,0.72380952,0.07654320987654321,0.37530864,0.024691358024691357,0.044444444444444446,0.04938271604938271,0.33333333,437.83683950617285,0.04691358024691358,'VSAL'
66.25,5.16037736,17.375,12.53931318,23.16666667,9.15453743,0.0375,0.06875,1.95,5.0,5.625,0.0,1.875,0.0,0.00625,0.00625,0.0625,0.28125,0.15,0.025,0.05625,0.0375,0.025,0.16666666666666669,0.1125,0.4625,0.25,0.0,0.09375,0.06666666666666667,0.06666666666666667,0.06666666666666667,0.0,0.13333333333333333,0.06666666666666667,0.13333333333333333,0.06666666666666667,0.13333333333333333,0.26666666666666666,8.3800358,0.91887278,106.0,2.34240831,90.25242672,0.10526174,0.77358491,0.05,0.5125,0.01875,0.0375,0.05,0.31875,413.728875,0.025,'VSAL'
51.55482815,6.36825397,28.61111111,13.09002542,39.61538462,9.97333724,0.02127659574468085,0.07528642,2.1538461538461537,2.9459901800327333,8.51063829787234,0.0,0.32733224222585927,0.009819967266775777,0.03927986906710311,0.014729950900163666,0.07037643207855974,0.24058919803600654,0.1309328968903437,0.02618657937806874,0.062193126022913256,0.049099836333878884,0.027823240589198037,0.2125,0.07528641571194762,0.4746317512274959,0.25040916530278234,0.00654664,0.09001637,0.07272727272727272,0.03636363636363636,0.03636363636363636,0.16363636363636364,0.03636363636363636,0.03636363636363636,0.16363636363636364,0.03636363636363636,0.18181818181818182,0.23636363636363636,12.74353596,0.89672419,315.0,2.58523183,89.61468102,0.10563563,0.76825397,0.057283142389525366,0.39607201,0.009819967266775777,0.016366612111292964,0.019639934533551555,0.33551555,431.0154991816694,0.031096563011456628,'VSAL'
62.12121212,5.73780488,14.1875,8.19465336,20.63636364,6.59576624,0.041666666666666664,0.04545455,2.0265151515151514,4.924242424242424,5.681818181818182,0.0,1.1363636363636365,0.0,0.041666666666666664,0.026515151515151516,0.07196969696969698,0.19318181818181818,0.125,0.015151515151515152,0.10227272727272728,0.06818181818181818,0.04924242424242424,0.3939393939393939,0.08712121212121213,0.4431818181818182,0.26515151515151514,0.0,0.06818182,0.16666666666666666,0.1111111111111111,0.0,0.1111111111111111,0.05555555555555555,0.16666666666666666,0.1111111111111111,0.05555555555555555,0.1111111111111111,0.1111111111111111,10.09350226,0.91461854,164.0,2.44600788,94.21710661,0.10302322,0.81097561,0.03787878787878788,0.50378788,0.007575757575757576,0.015151515151515152,0.015151515151515152,0.35227273,420.22435606060606,0.05303030303030303,'VSAL'
49.89690722,6.36363636,26.5625,12.37421083,47.22222222,17.95536304,0.018556701030927835,0.07835052,2.1752577319587627,3.2989690721649483,7.422680412371134,0.0,0.41237113402061853,0.0,0.049484536082474224,0.010309278350515464,0.07010309278350516,0.2329896907216495,0.1422680412371134,0.01443298969072165,0.07216494845360824,0.05360824742268041,0.030927835051546393,0.2173913043478261,0.08453608247422681,0.48041237113402063,0.26597938144329897,0.00824742,0.09484536,0.021739130434782608,0.043478260869565216,0.08695652173913043,0.08695652173913043,0.08695652173913043,0.021739130434782608,0.10869565217391304,0.0,0.32608695652173914,0.21739130434782608,10.98865394,0.88758176,242.0,2.50807948,79.36292674,0.11225124,0.73140496,0.06391752577319587,0.36494845,0.006185567010309278,0.018556701030927835,0.024742268041237112,0.36701031,432.8199484536082,0.03505154639175258,'VSAL'
49.80544747,6.3671875,19.95454545,11.86468125,43.9,11.90336087,0.019455252918287938,0.08560311,2.1828793774319064,4.280155642023346,5.642023346303502,0.0,0.5836575875486382,0.019455252918287938,0.03501945525291829,0.013618677042801557,0.08365758754863813,0.20233463035019456,0.10700389105058365,0.005836575875486381,0.10311284046692606,0.06614785992217899,0.04474708171206226,0.4181818181818182,0.13229571984435798,0.4280155642023346,0.25680933852140075,0.00389105,0.07976654,0.07317073170731707,0.12195121951219512,0.04878048780487805,0.0975609756097561,0.04878048780487805,0.04878048780487805,0.17073170731707318,0.07317073170731707,0.14634146341463414,0.17073170731707318,11.29167594,0.88833372,256.0,2.52300163,80.64766675,0.11135356,0.73828125,0.05642023346303502,0.36770428,0.011673151750972763,0.023346303501945526,0.029182879377431907,0.34241245,433.4611770428015,0.048638132295719845,'VSAL'
45.35864979,5.98604651,18.66666667,7.43436892,56.0,23.83874397,0.014767932489451477,0.08860759,1.9282700421940928,4.430379746835443,5.485232067510548,0.2109704641350211,0.6329113924050633,0.0,0.02109704641350211,0.006329113924050633,0.07383966244725738,0.2489451476793249,0.13924050632911392,0.023206751054852322,0.08016877637130802,0.05485232067510549,0.03164556962025317,0.2272727272727273,0.10126582278481013,0.4451476793248945,0.2679324894514768,0.00632911,0.07594937,0.08333333333333333,0.19444444444444445,0.0,0.1111111111111111,0.05555555555555555,0.08333333333333333,0.1388888888888889,0.0,0.16666666666666666,0.16666666666666666,9.87527706,0.87168598,215.0,2.45819903,69.27335837,0.12014809,0.66976744,0.035864978902953586,0.30379747,0.0189873417721519,0.03164556962025317,0.04219409282700422,0.36075949,411.9195358649789,0.04008438818565401,'VSAL'
52.48041775,6.43,21.66666667,9.83644019,46.42857143,19.4705429,0.018276762402088774,0.09399478,2.1383812010443863,3.91644908616188,8.093994778067884,0.0,0.0,0.010443864229765013,0.04960835509138381,0.010443864229765013,0.07049608355091384,0.20365535248041775,0.12010443864229765,0.02610966057441253,0.06527415143603134,0.04699738903394256,0.05221932114882506,0.43478260869565216,0.1122715404699739,0.4360313315926893,0.23759791122715404,0.0156658,0.10443864,0.0,0.025,0.1,0.25,0.05,0.15,0.075,0.025,0.275,0.05,10.27062022,0.89160621,201.0,2.46714248,79.16689915,0.11239013,0.72139303,0.0783289817232376,0.37859008,0.028720626631853787,0.044386422976501305,0.05221932114882506,0.32898172,429.69434725848566,0.033942558746736295,'VSAL'
51.6064257,6.53515625,20.04761905,9.4136486,52.625,24.5047827,0.01606425702811245,0.08433735,2.1485943775100402,4.216867469879518,7.6305220883534135,0.0,0.0,0.008032128514056224,0.04618473895582329,0.012048192771084338,0.07028112449799197,0.20281124497991967,0.1144578313253012,0.030120481927710843,0.06827309236947791,0.05220883534136546,0.05220883534136546,0.45614035087719296,0.11847389558232932,0.42168674698795183,0.23694779116465864,0.01204819,0.09839357,0.0,0.02040816326530612,0.08163265306122448,0.22448979591836735,0.04081632653061224,0.12244897959183673,0.10204081632653061,0.02040816326530612,0.2857142857142857,0.10204081632653061,11.51644537,0.89348469,257.0,2.53062335,84.11938093,0.10903149,0.73151751,0.08032128514056225,0.37751004,0.02610441767068273,0.03815261044176707,0.040160642570281124,0.3313253,430.55513052208835,0.04216867469879518,'VSAL'
66.66666667,5.43076923,21.25,7.93331583,42.5,20.3039405,0.020512820512820513,0.07179487,2.0358974358974358,3.58974358974359,5.128205128205129,0.0,0.0,0.03076923076923077,0.02564102564102564,0.020512820512820513,0.07179487179487179,0.14358974358974358,0.08717948717948718,0.010256410256410256,0.1076923076923077,0.07692307692307693,0.08205128205128205,0.9411764705882354,0.17435897435897435,0.38974358974358975,0.2358974358974359,0.01025641,0.13333333,0.07692307692307693,0.19230769230769232,0.07692307692307693,0.038461538461538464,0.11538461538461539,0.0,0.11538461538461539,0.0,0.15384615384615385,0.23076923076923078,9.30949336,0.92310542,130.0,2.39884922,98.93193911,0.10053835,0.77692308,0.1282051282051282,0.51794872,0.0,0.0,0.005128205128205128,0.34871795,421.0354871794872,0.05128205128205128,'KM'
62.73584906,5.96992481,22.5,26.74415824,30.0,9.43398113,0.02830188679245283,0.04245283,2.108490566037736,3.7735849056603774,6.60377358490566,0.0,0.0,0.04716981132075472,0.04716981132075472,0.04245283018867924,0.07547169811320754,0.16037735849056603,0.08962264150943396,0.0047169811320754715,0.14150943396226415,0.06132075471698113,0.0660377358490566,0.736842105263158,0.13679245283018868,0.4528301886792453,0.22641509433962265,0.0,0.11320755,0.16666666666666666,0.041666666666666664,0.041666666666666664,0.08333333333333333,0.041666666666666664,0.08333333333333333,0.08333333333333333,0.08333333333333333,0.20833333333333334,0.16666666666666666,9.1344775,0.91296002,133.0,2.39155611,88.78587421,0.10612753,0.79699248,0.07075471698113207,0.5,0.0,0.0,0.0,0.35849057,427.1510613207547,0.0660377358490566,'KM'
66.66666667,5.63076923,28.83333333,28.15088315,34.6,24.96878051,0.02564102564102564,0.03589744,2.051282051282051,2.051282051282051,5.128205128205129,0.0,0.5128205128205128,0.03076923076923077,0.05128205128205128,0.020512820512820513,0.11282051282051282,0.17435897435897435,0.09743589743589744,0.0,0.09230769230769231,0.05128205128205128,0.07692307692307693,0.7894736842105263,0.14871794871794872,0.4205128205128205,0.26153846153846155,0.03076923,0.07179487,0.07142857142857142,0.0,0.07142857142857142,0.21428571428571427,0.14285714285714285,0.07142857142857142,0.07142857142857142,0.07142857142857142,0.21428571428571427,0.07142857142857142,9.30949336,0.92310542,130.0,2.39884922,98.93193911,0.10053835,0.84615385,0.12307692307692308,0.56410256,0.0,0.0,0.010256410256410256,0.37948718,422.34743589743584,0.046153846153846156,'KM'
60.58394161,6.13855422,15.0,8.54400375,40.0,16.20699437,0.021897810218978103,0.04744526,2.062043795620438,5.109489051094891,5.109489051094891,0.0,0.0,0.014598540145985401,0.058394160583941604,0.025547445255474453,0.10583941605839416,0.17153284671532848,0.12408759124087591,0.0072992700729927005,0.11678832116788321,0.06934306569343066,0.05474452554744526,0.44117647058823534,0.11678832116788321,0.4124087591240876,0.29927007299270075,0.01094891,0.07664234,0.09523809523809523,0.047619047619047616,0.0,0.14285714285714285,0.0,0.047619047619047616,0.047619047619047616,0.19047619047619047,0.3333333333333333,0.09523809523809523,10.02842675,0.91071996,166.0,2.44403149,90.70372081,0.10499955,0.80722892,0.072992700729927,0.48905109,0.0036496350364963502,0.0036496350364963502,0.0036496350364963502,0.38321168,423.2320437956205,0.06569343065693431,'KM'
51.66163142,5.46783626,12.18181818,9.6889645,29.77777778,17.00834944,0.027190332326283987,0.03323263,1.851963746223565,6.3444108761329305,6.3444108761329305,0.0,0.0,0.06042296072507553,0.02416918429003021,0.03323262839879154,0.11178247734138973,0.18429003021148035,0.07854984894259819,0.0030211480362537764,0.1268882175226586,0.04229607250755287,0.10574018126888217,1.346153846153846,0.10574018126888217,0.4169184290030212,0.2326283987915408,0.00906344,0.11480363,0.05263157894736842,0.07894736842105263,0.02631578947368421,0.18421052631578946,0.05263157894736842,0.10526315789473684,0.10526315789473684,0.02631578947368421,0.21052631578947367,0.15789473684210525,9.39901004,0.88617005,171.0,2.41990701,73.53677773,0.1166132,0.80116959,0.03625377643504532,0.41389728,0.0,0.006042296072507553,0.006042296072507553,0.42296073,405.44673716012085,0.045317220543806644,'KM'
42.42152466,6.6384778,17.35087719,11.36706728,34.10344828,22.61422321,0.02600896860986547,0.07892377,2.072645739910314,4.573991031390134,4.394618834080718,0.0,0.17937219730941703,0.014349775784753363,0.06188340807174888,0.06547085201793722,0.10044843049327354,0.17130044843049327,0.09147982062780269,0.016143497757847534,0.13273542600896862,0.05560538116591928,0.08071748878923767,0.8823529411764706,0.05201793721973094,0.5031390134529148,0.24753363228699551,0.01345291,0.10941704,0.06557377049180328,0.09836065573770492,0.10655737704918032,0.10655737704918032,0.05737704918032787,0.03278688524590164,0.04918032786885246,0.07377049180327869,0.30327868852459017,0.10655737704918032,14.1652325,0.87778794,473.0,2.6607542,82.83002781,0.10987682,0.71035941,0.042152466367713005,0.30134529,0.017937219730941704,0.017937219730941704,0.017937219730941704,0.42152466,424.1334932735426,0.045739910313901344,'KM'
37.8978979,6.91283677,22.05882353,10.00570771,55.55555556,26.28382594,0.016216216216216217,0.08888889,2.2156156156156155,3.6636636636636637,4.864864864864865,0.0,0.0,0.0036036036036036037,0.05345345345345345,0.03063063063063063,0.07147147147147147,0.23003003003003003,0.14774774774774774,0.024024024024024024,0.1021021021021021,0.04984984984984985,0.05045045045045045,0.34146341463414637,0.06366366366366366,0.4912912912912913,0.2690690690690691,0.01201201,0.1015015,0.08875739644970414,0.08284023668639054,0.03550295857988166,0.09467455621301775,0.029585798816568046,0.0650887573964497,0.1301775147928994,0.023668639053254437,0.2958579881656805,0.15384615384615385,15.46401422,0.86919258,631.0,2.71996237,81.80962999,0.11055994,0.67670365,0.04624624624624624,0.25645646,0.012012012012012012,0.012012012012012012,0.012012012012012012,0.38678679,436.23645645645644,0.03783783783783784,'KM'
30.23578363,6.73394495,16.32478632,9.63862339,37.45098039,24.54073343,0.023578363384188627,0.10309755,2.087840961627369,4.993065187239944,5.3166897827092,0.0,0.0,0.007397133610725843,0.05547850208044383,0.05409153952843273,0.09523809523809523,0.18816458622283866,0.08552935737401757,0.011095700416088766,0.13592233009708737,0.06749884419787332,0.08414239482200647,0.9837837837837838,0.0545538603791031,0.4868238557558946,0.24826629680998613,0.01155802,0.09153953,0.045454545454545456,0.1111111111111111,0.030303030303030304,0.1919191919191919,0.03535353535353535,0.09090909090909091,0.06565656565656566,0.03535353535353535,0.21212121212121213,0.18181818181818182,14.06207755,0.84423689,654.0,2.69563951,71.12607114,0.11857294,0.56727829,0.032362459546925564,0.17152104,0.009246417013407305,0.009246417013407305,0.009246417013407305,0.41423948,425.4147272306981,0.05917706888580675,'KM'
38.35616438,6.53571429,21.75806452,11.13217581,43.51612903,27.02313342,0.020221787345075015,0.07958252,2.0534898891063276,3.848662752772342,6.001304631441617,0.0,0.0,0.006523157208088715,0.04044357469015003,0.050880626223091974,0.10437051532941943,0.16764514024787996,0.09393346379647749,0.009784735812133072,0.11611219830397912,0.05414220482713633,0.07240704500978473,0.7708333333333334,0.07501630789302022,0.47423352902804955,0.25244618395303325,0.01500326,0.11480757,0.09090909090909091,0.10227272727272728,0.05113636363636364,0.13636363636363635,0.06818181818181818,0.03977272727272727,0.03409090909090909,0.056818181818181816,0.2556818181818182,0.16477272727272727,15.01779766,0.86935824,588.0,2.70295601,81.00122125,0.11111027,0.69557823,0.03065883887801696,0.26679713,0.01304631441617743,0.01304631441617743,0.01304631441617743,0.39595564,422.51985649054143,0.0365296803652968,'KM'
54.85327314,6.58024691,16.30434783,12.80432937,41.66666667,29.18903904,0.020316027088036117,0.0496614,2.160270880361174,4.288939051918736,6.997742663656885,0.22573363431151242,0.22573363431151242,0.03160270880361174,0.033860045146726865,0.045146726862302484,0.05417607223476298,0.18510158013544017,0.09029345372460497,0.009029345372460496,0.13769751693002258,0.09029345372460497,0.06997742663656885,0.775,0.09029345372460497,0.46275395033860045,0.23476297968397292,0.00902935,0.08803612,0.02564102564102564,0.1794871794871795,0.0,0.10256410256410256,0.05128205128205128,0.02564102564102564,0.1282051282051282,0.02564102564102564,0.3076923076923077,0.15384615384615385,11.54527842,0.90145213,243.0,2.52700128,89.20703018,0.10587672,0.79423868,0.04288939051918736,0.43566591,0.004514672686230248,0.009029345372460496,0.011286681715575621,0.37020316,431.55038374717833,0.060948081264108354,'KM'
53.67793241,6.20740741,28.5625,13.97304884,57.125,19.74485693,0.015904572564612324,0.07554672,2.113320079522863,2.982107355864811,4.174950298210735,0.3976143141153082,0.1988071570576541,0.003976143141153081,0.04970178926441352,0.0437375745526839,0.07157057654075547,0.1550695825049702,0.10536779324055666,0.019880715705765408,0.06560636182902585,0.07952286282306163,0.061630218687872766,0.5849056603773585,0.11530815109343936,0.4592445328031809,0.25646123260437376,0.0139165,0.08151093,0.0975609756097561,0.0975609756097561,0.024390243902439025,0.12195121951219512,0.024390243902439025,0.024390243902439025,0.12195121951219512,0.0,0.36585365853658536,0.12195121951219512,12.03870498,0.89998245,270.0,2.55125722,89.72839529,0.10556867,0.73333333,0.06560636182902585,0.39363817,0.009940357852882704,0.02186878727634195,0.027833001988071572,0.37972167,427.58959244532804,0.06560636182902585,'LE'
48.36795252,6.3404908,23.53846154,11.4126474,47.07692308,26.35398536,0.019287833827893175,0.07863501,2.1275964391691393,3.857566765578635,3.5608308605341246,0.0,0.14836795252225518,0.011869436201780416,0.05341246290801187,0.02967359050445104,0.08160237388724036,0.23887240356083086,0.13501483679525222,0.02373887240356083,0.0830860534124629,0.03412462908011869,0.04747774480712166,0.3516483516483517,0.08902077151335312,0.5089020771513353,0.2507418397626113,0.02522255,0.10534125,0.07042253521126761,0.056338028169014086,0.014084507042253521,0.07042253521126761,0.04225352112676056,0.08450704225352113,0.16901408450704225,0.04225352112676056,0.352112676056338,0.09859154929577464,12.55705082,0.88848348,326.0,2.58303454,84.26200102,0.10893918,0.75153374,0.0712166172106825,0.36350148,0.01483679525222552,0.025222551928783383,0.02967359050445104,0.36053412,428.79050445103854,0.020771513353115726,'LE'
54.03225806,5.46268657,21.4,11.07429456,42.8,28.01713761,0.020161290322580645,0.08467742,2.0403225806451615,3.629032258064516,8.064516129032258,0.8064516129032258,0.0,0.016129032258064516,0.056451612903225805,0.020161290322580645,0.07661290322580645,0.21370967741935484,0.0967741935483871,0.012096774193548387,0.04435483870967742,0.06048387096774194,0.04032258064516129,0.4166666666666667,0.11693548387096774,0.4637096774193548,0.23387096774193547,0.02419355,0.08870968,0.0,0.09090909090909091,0.045454545454545456,0.09090909090909091,0.0,0.09090909090909091,0.18181818181818182,0.0,0.2727272727272727,0.22727272727272727,8.50900851,0.88834735,134.0,2.36188488,71.24054917,0.11847763,0.7238806,0.09274193548387097,0.39112903,0.004032258064516129,0.016129032258064516,0.020161290322580645,0.36693548,421.40536290322586,0.020161290322580645,'LE'
56.42857143,5.17721519,31.5,8.01560977,63.0,24.0,0.014285714285714285,0.10714286,1.957142857142857,2.857142857142857,7.142857142857143,0.0,0.0,0.0,0.03571428571428571,0.014285714285714285,0.09285714285714286,0.2785714285714286,0.15714285714285714,0.007142857142857143,0.05,0.05,0.014285714285714285,0.09090909090909091,0.02857142857142857,0.55,0.3,0.0,0.12142857,0.0,0.058823529411764705,0.0,0.11764705882352941,0.058823529411764705,0.0,0.23529411764705882,0.0,0.29411764705882354,0.23529411764705882,6.67671861,0.88420964,79.0,2.22453117,61.57060769,0.12744221,0.63291139,0.07142857142857142,0.35714286,0.04285714285714286,0.08571428571428572,0.10714285714285714,0.36428571,414.3802857142857,0.02857142857142857,'LE'
57.09219858,5.49689441,34.71428571,18.72900185,40.5,15.92430009,0.02127659574468085,0.07092199,1.99645390070922,2.482269503546099,7.446808510638298,0.0,0.7092198581560284,0.028368794326241134,0.03546099290780142,0.0070921985815602835,0.09574468085106383,0.2198581560283688,0.08865248226950355,0.01773049645390071,0.0673758865248227,0.0425531914893617,0.02127659574468085,0.24,0.09574468085106383,0.5212765957446809,0.22695035460992907,0.0141844,0.11347518,0.03125,0.0625,0.03125,0.0625,0.0,0.09375,0.21875,0.09375,0.28125,0.125,9.58741048,0.90065368,161.0,2.42348423,81.93108051,0.11047796,0.7826087,0.0673758865248227,0.44680851,0.0035460992907801418,0.010638297872340425,0.02127659574468085,0.33333333,417.6990070921986,0.010638297872340425,'LE'
69.65517241,5.67326733,15.25,11.81894665,40.66666667,13.88844444,0.020689655172413793,0.0137931,1.986206896551724,5.517241379310345,9.655172413793103,0.0,0.6896551724137931,0.0,0.041379310344827586,0.041379310344827586,0.07586206896551724,0.1724137931034483,0.0896551724137931,0.006896551724137931,0.09655172413793103,0.034482758620689655,0.041379310344827586,0.46153846153846156,0.10344827586206896,0.4896551724137931,0.2,0.0137931,0.13103448,0.05263157894736842,0.10526315789473684,0.0,0.2631578947368421,0.05263157894736842,0.05263157894736842,0.10526315789473684,0.0,0.2631578947368421,0.10526315789473684,8.38759347,0.92733925,101.0,2.34117161,98.81412877,0.10059826,0.88118812,0.06896551724137931,0.6137931,0.0,0.0,0.0,0.30344828,416.8051034482759,0.034482758620689655,'LE'
52.78592375,6.45555556,24.15384615,12.69673582,34.88888889,24.70017744,0.026392961876832845,0.07917889,2.310850439882698,3.812316715542522,3.225806451612903,0.0,0.2932551319648094,0.005865102639296188,0.06158357771260997,0.026392961876832845,0.07331378299120235,0.24633431085043989,0.14076246334310852,0.05278592375366569,0.05865102639296188,0.0469208211143695,0.017595307917888565,0.125,0.06744868035190615,0.5161290322580645,0.26099706744868034,0.02052786,0.08504399,0.06896551724137931,0.13793103448275862,0.034482758620689655,0.1724137931034483,0.06896551724137931,0.034482758620689655,0.1724137931034483,0.0,0.1724137931034483,0.13793103448275862,9.7475465,0.89044264,180.0,2.43817645,76.79655857,0.11411142,0.73888889,0.07624633431085044,0.39002933,0.008797653958944282,0.02346041055718475,0.03812316715542522,0.36950147,444.29127565982407,0.020527859237536656,'LE'
45.88665448,5.74900398,31.8,16.88470708,59.625,16.58265283,0.014625228519195612,0.0749543,1.9287020109689215,2.1937842778793417,7.1297989031078615,0.5484460694698354,0.0,0.021937842778793418,0.029250457038391225,0.03473491773308958,0.09506398537477148,0.15173674588665448,0.11151736745886655,0.009140767824497258,0.1170018281535649,0.04753199268738574,0.08043875685557587,0.7213114754098361,0.10054844606946983,0.44972577696526506,0.25411334552102377,0.01279707,0.08043876,0.06818181818181818,0.13636363636363635,0.045454545454545456,0.1590909090909091,0.022727272727272728,0.0,0.06818181818181818,0.09090909090909091,0.3181818181818182,0.09090909090909091,10.73198503,0.87643712,251.0,2.50273207,73.60946004,0.11655561,0.70916335,0.06398537477148081,0.32541133,0.007312614259597806,0.014625228519195612,0.021937842778793418,0.37659963,411.9735009140768,0.04021937842778794,'LE'
63.35078534,5.08264463,26.83333333,15.35596156,161.0,0.0,0.005235602094240838,0.04712042,1.8115183246073299,3.141361256544503,5.2356020942408374,0.0,0.5235602094240838,0.010471204188481676,0.02617801047120419,0.020942408376963352,0.09424083769633508,0.20418848167539266,0.14659685863874344,0.015706806282722512,0.04712041884816754,0.05235602094240838,0.03664921465968586,0.25,0.13612565445026178,0.387434554973822,0.2931937172774869,0.0052356,0.07853403,0.2,0.06666666666666667,0.06666666666666667,0.06666666666666667,0.06666666666666667,0.0,0.06666666666666667,0.0,0.3333333333333333,0.13333333333333333,8.75525272,0.91308852,121.0,2.36808822,87.18558705,0.10709709,0.80991736,0.06282722513089005,0.51308901,0.005235602094240838,0.005235602094240838,0.010471204188481676,0.36125654,402.04693717277485,0.05235602094240838,'LE'
64.76190476,5.16176471,22.5,8.98610038,90.0,0.0,0.009523809523809525,0.06666667,1.9333333333333333,2.857142857142857,8.571428571428571,0.0,1.9047619047619047,0.0,0.02857142857142857,0.01904761904761905,0.06666666666666667,0.1619047619047619,0.1523809523809524,0.009523809523809525,0.13333333333333333,0.05714285714285714,0.05714285714285714,0.37499999999999994,0.06666666666666667,0.44761904761904764,0.2761904761904762,0.00952381,0.16190476,0.058823529411764705,0.11764705882352941,0.0,0.11764705882352941,0.0,0.0,0.058823529411764705,0.058823529411764705,0.29411764705882354,0.29411764705882354,6.6361205,0.90664883,68.0,2.21585862,71.92459934,0.11791289,0.79411765,0.02857142857142857,0.51428571,0.01904761904761905,0.01904761904761905,0.0380952380952381,0.34285714,412.366,0.0380952380952381,'LE'
46.89054726,6.76392573,23.65517241,20.25233211,114.33333333,53.98662386,0.007462686567164179,0.06716418,2.1529850746268657,2.985074626865672,10.199004975124378,0.0,0.373134328358209,0.004975124378109453,0.04975124378109453,0.036069651741293535,0.08582089552238806,0.20398009950248755,0.11691542288557213,0.014925373134328358,0.08582089552238806,0.05845771144278607,0.05099502487562189,0.43617021276595747,0.06716417910447761,0.4539800995024876,0.26119402985074625,0.00497512,0.07587065,0.04918032786885246,0.08196721311475409,0.08196721311475409,0.16393442622950818,0.08196721311475409,0.04918032786885246,0.04918032786885246,0.03278688524590164,0.2459016393442623,0.16393442622950818,13.29576486,0.88678633,377.0,2.61670496,85.24634632,0.10830839,0.76392573,0.046019900497512436,0.35820896,0.011194029850746268,0.01616915422885572,0.01990049751243781,0.37313433,430.9472388059702,0.04975124378109453,'MG'
46.46464646,7.01932367,23.39393939,15.56986093,85.77777778,34.08739675,0.010101010101010102,0.06958474,2.186307519640853,3.479236812570146,8.866442199775532,0.0,0.4489337822671156,0.0,0.04938271604938271,0.04264870931537598,0.07744107744107744,0.186307519640853,0.122334455667789,0.015712682379349047,0.08417508417508418,0.07519640852974187,0.06846240179573512,0.5596330275229358,0.07295173961840629,0.42424242424242425,0.27497194163860833,0.01010101,0.07407407,0.06060606060606061,0.10606060606060606,0.045454545454545456,0.15151515151515152,0.030303030303030304,0.045454545454545456,0.06060606060606061,0.045454545454545456,0.30303030303030304,0.15151515151515152,13.86952185,0.88715554,414.0,2.64024975,86.83883493,0.10731069,0.76811594,0.05611672278338945,0.35690236,0.010101010101010102,0.015712682379349047,0.019079685746352413,0.38720539,433.7613019079686,0.05611672278338945,'MG'
43.97163121,6.62803235,23.93548387,19.86719696,92.75,39.0664498,0.009456264775413711,0.07683215,2.1146572104018913,2.3640661938534278,7.446808510638298,0.0,0.2364066193853428,0.004728132387706856,0.054373522458628844,0.03546099290780142,0.07328605200945626,0.20803782505910165,0.10756501182033097,0.015366430260047281,0.08983451536643026,0.08392434988179669,0.09219858156028368,0.8571428571428571,0.057919621749408984,0.4444444444444444,0.2647754137115839,0.0070922,0.06501182,0.16363636363636364,0.03636363636363636,0.03636363636363636,0.2,0.01818181818181818,0.05454545454545454,0.07272727272727272,0.05454545454545454,0.18181818181818182,0.18181818181818182,12.78962345,0.8781065,372.0,2.60211202,79.77877204,0.11195831,0.71505376,0.04373522458628842,0.3144208,0.02364066193853428,0.02364066193853428,0.02364066193853428,0.38888889,427.71100472813237,0.07092198581560284,'MG'
42.20072551,6.7965616,26.0,16.03237465,100.28571429,47.17358306,0.008464328899637243,0.07255139,2.1753325272067716,2.902055622732769,10.278113663845224,0.0,0.36275695284159615,0.012091898428053204,0.03869407496977025,0.04836759371221282,0.08101571946795647,0.1777509068923821,0.08827085852478839,0.03143893591293833,0.10640870616686819,0.06650544135429262,0.07859733978234583,0.8904109589041096,0.07013301088270858,0.43893591293833134,0.23579201934703747,0.00967352,0.08101572,0.08955223880597014,0.05970149253731343,0.029850746268656716,0.16417910447761194,0.029850746268656716,0.07462686567164178,0.05970149253731343,0.1044776119402985,0.16417910447761194,0.22388059701492538,12.13591909,0.87157519,349.0,2.57787966,75.46628825,0.11511277,0.6991404,0.04232164449818621,0.29504232,0.016928657799274487,0.02418379685610641,0.02418379685610641,0.39782346,432.83867593712216,0.06166868198307134,'MG'
40.51803885,6.92465753,33.71428571,19.06915449,94.4,60.65179305,0.009250693802035153,0.07400555,2.228492136910268,2.2201665124884364,8.880666049953746,0.0,0.18501387604070305,0.0074005550416281225,0.05550416281221091,0.032377428307123035,0.07955596669750231,0.1887141535615171,0.11100832562442182,0.018501387604070305,0.0841813135985199,0.07400555041628122,0.0971322849213691,0.8750000000000001,0.06938020351526364,0.42183163737280294,0.2645698427382054,0.00832562,0.07955597,0.046511627906976744,0.2441860465116279,0.0,0.1744186046511628,0.046511627906976744,0.046511627906976744,0.09302325581395349,0.011627906976744186,0.23255813953488372,0.10465116279069768,13.32174952,0.87067432,438.0,2.63257377,77.92845539,0.11327967,0.71461187,0.04810360777058279,0.28954672,0.018501387604070305,0.018501387604070305,0.018501387604070305,0.38482886,437.3429000925069,0.05087881591119334,'MG'
39.93775934,6.86233766,33.32,18.47315891,92.55555556,29.68767463,0.00933609958506224,0.07572614,2.1784232365145226,2.2821576763485476,9.854771784232366,0.0,0.5186721991701245,0.0,0.05912863070539419,0.028008298755186723,0.0912863070539419,0.1690871369294606,0.0975103734439834,0.017634854771784232,0.08713692946058091,0.0912863070539419,0.07987551867219916,0.8191489361702127,0.06742738589211618,0.4139004149377593,0.2800829875518672,0.00726141,0.08091286,0.10256410256410256,0.11538461538461539,0.10256410256410256,0.16666666666666666,0.02564102564102564,0.038461538461538464,0.11538461538461539,0.02564102564102564,0.1794871794871795,0.1282051282051282,12.40001506,0.8664189,385.0,2.59532228,74.20876939,0.11608401,0.7012987,0.04045643153526971,0.28008299,0.015560165975103735,0.02074688796680498,0.02074688796680498,0.38278008,433.1064419087137,0.06639004149377593,'MG'
43.13304721,6.65671642,34.69565217,18.33370567,99.75,19.27919863,0.008583690987124463,0.10085837,2.171673819742489,2.3605150214592276,9.763948497854077,0.1072961373390558,0.7510729613733905,0.0,0.046137339055793994,0.0407725321888412,0.08690987124463519,0.1888412017167382,0.1072961373390558,0.0203862660944206,0.08476394849785408,0.05686695278969957,0.06330472103004292,0.59,0.07832618025751073,0.43776824034334766,0.2510729613733906,0.00751073,0.09227468,0.06976744186046512,0.06976744186046512,0.011627906976744186,0.1744186046511628,0.08139534883720931,0.023255813953488372,0.10465116279069768,0.011627906976744186,0.2441860465116279,0.20930232558139536,13.16794782,0.87701627,402.0,2.61978427,80.20724168,0.11165887,0.66169154,0.055793991416309016,0.28540773,0.019313304721030045,0.02145922746781116,0.02145922746781116,0.35729614,432.5335568669528,0.04291845493562232,'MG'
45.00574053,6.6377551,27.85185185,22.18057826,107.42857143,32.16411995,0.008036739380022962,0.06659013,2.190585533869116,3.0998851894374284,9.299655568312284,0.0,0.2296211251435132,0.002296211251435132,0.07003444316877153,0.027554535017221583,0.08036739380022963,0.21125143513203215,0.12055109070034443,0.01951779563719862,0.08495981630309989,0.060849598163030996,0.05625717566016074,0.4666666666666667,0.0642939150401837,0.46039035591274396,0.2617680826636051,0.01148106,0.07118255,0.03225806451612903,0.22580645161290322,0.0,0.12903225806451613,0.08064516129032258,0.04838709677419355,0.08064516129032258,0.03225806451612903,0.24193548387096775,0.12903225806451613,13.28241329,0.88206464,392.0,2.62016837,82.81256133,0.10988841,0.7627551,0.05625717566016074,0.34328358,0.013777267508610792,0.022962112514351322,0.022962112514351322,0.36280138,434.1270723306544,0.045924225028702644,'MG'
42.49713631,6.64420485,24.03225806,13.43438984,93.125,38.01130588,0.009163802978235968,0.07560137,2.1328751431844215,2.86368843069874,10.194730813287514,0.0,0.0,0.009163802978235968,0.029782359679266894,0.042382588774341354,0.06987399770904926,0.2004581901489118,0.11798396334478808,0.013745704467353952,0.08018327605956473,0.07903780068728522,0.08018327605956473,0.6796116504854369,0.07560137457044673,0.41924398625429554,0.26689576174112256,0.00687285,0.09507446,0.13253012048192772,0.14457831325301204,0.024096385542168676,0.12048192771084337,0.04819277108433735,0.0,0.03614457831325301,0.060240963855421686,0.2289156626506024,0.20481927710843373,12.55644758,0.87363532,371.0,2.59562252,77.31462283,0.11372847,0.71967655,0.058419243986254296,0.30584192,0.013745704467353952,0.020618556701030927,0.022909507445589918,0.3860252,429.2471706758305,0.0572737686139748,'MG'
49.44196429,7.12866817,42.88888889,17.16226121,96.5,39.07364841,0.008928571428571428,0.06696429,2.2466517857142856,2.0089285714285716,10.491071428571429,0.0,0.33482142857142855,0.0,0.05580357142857143,0.025669642857142856,0.0859375,0.22321428571428573,0.10379464285714286,0.026785714285714284,0.06138392857142857,0.056919642857142856,0.052455357142857144,0.5053763440860215,0.07254464285714286,0.4564732142857143,0.24665178571428573,0.00446429,0.09263393,0.12048192771084337,0.12048192771084337,0.012048192771084338,0.14457831325301204,0.03614457831325301,0.03614457831325301,0.10843373493975904,0.07228915662650602,0.20481927710843373,0.14457831325301204,14.79959127,0.8963847,443.0,2.66895131,94.65160855,0.10278648,0.78781038,0.07700892857142858,0.38950893,0.006696428571428571,0.012276785714285714,0.015625,0.34486607,438.88135044642854,0.036830357142857144,'MG'
40.33119658,6.1589404,11.76515152,9.76842459,16.34736842,13.76247256,0.05074786324786325,0.06944444,1.8872863247863247,4.273504273504273,7.905982905982906,0.2670940170940171,0.053418803418803416,0.007478632478632479,0.03258547008547009,0.05555555555555555,0.07051282051282051,0.14369658119658119,0.06677350427350427,0.009615384615384616,0.13995726495726496,0.037927350427350424,0.07745726495726496,1.1600000000000001,0.13087606837606838,0.4321581196581197,0.1752136752136752,0.00373932,0.08760684,0.042682926829268296,0.06707317073170732,0.03048780487804878,0.16463414634146342,0.09146341463414634,0.09146341463414634,0.036585365853658534,0.07317073170731707,0.27439024390243905,0.12804878048780488,17.44994367,0.87948593,755.0,2.77728665,90.19996418,0.10529235,0.73774834,0.06463675213675214,0.29754274,0.010683760683760684,0.010683760683760684,0.010683760683760684,0.33333333,408.4549626068376,0.042735042735042736,'RP'
47.13055954,7.1369863,18.72727273,10.98834845,65.05263158,47.63841184,0.013629842180774749,0.06025825,2.2094691535150646,3.443328550932568,4.591104734576757,0.07173601147776183,0.3586800573888092,0.015781922525107604,0.04806312769010043,0.04160688665710186,0.09110473457675754,0.1915351506456241,0.08393113342898136,0.015781922525107604,0.10832137733142037,0.06169296987087518,0.05667144906743185,0.6752136752136751,0.12697274031563846,0.4562410329985653,0.23672883787661406,0.0107604,0.06814921,0.05263157894736842,0.17894736842105263,0.042105263157894736,0.07368421052631578,0.042105263157894736,0.042105263157894736,0.2,0.042105263157894736,0.18947368421052632,0.1368421052631579,17.59681153,0.8960973,657.0,2.76527658,100.52688184,0.0997376,0.79299848,0.0703012912482066,0.37374462,0.006456241032998565,0.011477761836441894,0.014347202295552367,0.37733142,435.72041248206597,0.05164992826398852,'RP'
44.36343242,7.52970923,27.5862069,15.57411035,88.88888889,43.7389845,0.010095344924284913,0.07627594,2.3381940549635445,3.0286034772854737,4.374649467190129,0.0,0.2243409983174425,0.010095344924284913,0.06505888951205833,0.050476724621424565,0.09029725182277061,0.16208637128435222,0.09478407178911946,0.014021312394840156,0.09871003925967471,0.06449803701626472,0.05945036455412227,0.6272189349112426,0.1334828939988783,0.44139091418956816,0.2495793606281548,0.01626472,0.08749299,0.07692307692307693,0.10897435897435898,0.038461538461538464,0.1282051282051282,0.05128205128205128,0.07051282051282051,0.1282051282051282,0.02564102564102564,0.2564102564102564,0.11538461538461539,18.73271871,0.89143081,791.0,2.80443159,99.47657562,0.10026274,0.7585335,0.09029725182277061,0.3365115,0.011217049915872126,0.011217049915872126,0.011217049915872126,0.3718452,446.61547672462143,0.0538418395961862,'RP'
51.61290323,6.73991935,18.77777778,12.41484575,70.41666667,39.48303081,0.012486992715920915,0.04682622,2.1259105098855358,4.266389177939646,5.931321540062435,0.0,0.31217481789802287,0.01040582726326743,0.053069719042663895,0.05827263267429761,0.09469302809573361,0.15608740894901144,0.0967741935483871,0.012486992715920915,0.09157127991675339,0.05827263267429761,0.08012486992715921,0.8279569892473119,0.11654526534859522,0.42767950052029136,0.2497398543184183,0.01664932,0.07388137,0.028169014084507043,0.09859154929577464,0.028169014084507043,0.11267605633802817,0.028169014084507043,0.07042253521126761,0.11267605633802817,0.07042253521126761,0.2676056338028169,0.18309859154929578,16.0,0.90369817,496.0,2.70629819,102.88893727,0.09858609,0.82056452,0.07492195629552549,0.42351717,0.003121748178980229,0.006243496357960458,0.01040582726326743,0.39125911,428.64372528616025,0.054110301768990635,'RP'
53.57624831,6.41813602,9.3880597,6.01975659,314.5,291.5,0.002699055330634278,0.04318489,2.099865047233468,7.827260458839406,5.2631578947368425,0.0,0.2699055330634278,0.005398110661268556,0.033738191632928474,0.05128205128205128,0.08906882591093117,0.15654520917678813,0.0728744939271255,0.012145748987854251,0.12955465587044535,0.033738191632928474,0.09176788124156546,1.2592592592592595,0.10931174089068826,0.44129554655870445,0.19568151147098514,0.00944669,0.10661269,0.05063291139240506,0.06329113924050633,0.02531645569620253,0.22784810126582278,0.0379746835443038,0.0759493670886076,0.0759493670886076,0.02531645569620253,0.31645569620253167,0.10126582278481013,14.58415941,0.90555928,397.0,2.65387266,100.94511788,0.09953076,0.82115869,0.0796221322537112,0.43994602,0.002699055330634278,0.006747638326585695,0.012145748987854251,0.36167341,426.40276653171384,0.037786774628879895,'RP'
49.75490196,6.8226601,6.44444444,2.69200921,174.0,168.0,0.004901960784313725,0.02696078,2.051470588235294,13.235294117647058,1.4705882352941178,0.0,0.0,0.0,0.03431372549019608,0.00980392156862745,0.09558823529411764,0.19852941176470587,0.08333333333333333,0.024509803921568627,0.18872549019607843,0.02696078431372549,0.03676470588235294,0.44117647058823534,0.08333333333333333,0.49754901960784315,0.20588235294117646,0.0122549,0.04901961,0.0,0.1,0.0,0.1,0.05,0.05,0.1,0.0,0.45,0.15,10.04999756,0.88387454,203.0,2.45964849,74.68151235,0.11571601,0.85714286,0.0857843137254902,0.42647059,0.004901960784313725,0.007352941176470588,0.014705882352941176,0.26960784,422.2550735294118,0.022058823529411766,'RP'
50.79006772,7.30289532,23.12121212,10.36239581,44.88235294,24.08778639,0.019187358916478554,0.06659142,2.3679458239277653,3.6117381489841986,5.756207674943567,0.0,0.11286681715575621,0.013544018058690745,0.045146726862302484,0.04401805869074492,0.09255079006772009,0.17042889390519186,0.09593679458239278,0.007900677200902935,0.0981941309255079,0.055304740406320545,0.0654627539503386,0.6823529411764705,0.12866817155756208,0.4322799097065463,0.24379232505643342,0.01128668,0.0993228,0.06818181818181818,0.07954545454545454,0.03409090909090909,0.17045454545454544,0.022727272727272728,0.10227272727272728,0.045454545454545456,0.022727272727272728,0.22727272727272727,0.22727272727272727,15.11804567,0.90017716,450.0,2.67775609,98.08539588,0.10097127,0.78,0.09480812641083522,0.39616253,0.007900677200902935,0.01580135440180587,0.020316027088036117,0.36004515,449.1208295711061,0.04288939051918736,'RP'
48.16053512,6.75462963,20.61111111,19.89036307,41.22222222,55.47627677,0.020066889632107024,0.06911929,2.2564102564102564,3.9018952062430325,9.698996655518394,0.0,0.6688963210702341,0.011148272017837236,0.046822742474916385,0.03901895206243032,0.07915273132664437,0.1806020066889632,0.07357859531772576,0.0189520624303233,0.05239687848383501,0.046822742474916385,0.03567447045707915,0.4848484848484848,0.12151616499442586,0.4593088071348941,0.1995540691192865,0.00891862,0.09364548,0.047619047619047616,0.05952380952380952,0.011904761904761904,0.17857142857142858,0.03571428571428571,0.09523809523809523,0.09523809523809523,0.011904761904761904,0.21428571428571427,0.25,14.42406017,0.89253945,432.0,2.6577473,91.27967696,0.10466777,0.78009259,0.09141583054626533,0.37569677,0.012263099219620958,0.022296544035674472,0.022296544035674472,0.30657748,439.67978260869563,0.03901895206243032,'RP'
57.32946299,8.02531646,556.0,0.0,278.0,272.0,0.002902757619738752,0.04208999,2.539912917271408,0.14513788098693758,19.15820029027576,0.0,0.0,0.0,0.07402031930333818,0.005805515239477504,0.002902757619738752,0.20029027576197386,0.07402031930333818,0.030478955007256895,0.0043541364296081275,0.0043541364296081275,0.001451378809869376,0.0196078431372549,0.22931785195936139,0.44702467343976776,0.08127721335268505,0.00435414,0.06095791,0.09523809523809523,0.047619047619047616,0.11904761904761904,0.16666666666666666,0.14285714285714285,0.0,0.35714285714285715,0.047619047619047616,0.023809523809523808,0.0,15.04830153,0.91486841,395.0,2.66471749,110.75042458,0.09502269,0.89873418,0.20754716981132076,0.51523948,0.002902757619738752,0.002902757619738752,0.005805515239477504,0.20174165,463.7101596516691,0.005805515239477504,'RP'
50.4601227,6.49544073,15.2972973,11.12548782,47.16666667,41.42831828,0.018404907975460124,0.05981595,2.067484662576687,4.601226993865031,5.214723926380368,0.0,0.3067484662576687,0.009202453987730062,0.046012269938650305,0.07668711656441718,0.09355828220858896,0.14877300613496933,0.07822085889570553,0.02147239263803681,0.11042944785276074,0.0736196319018405,0.07975460122699386,1.0196078431372548,0.09355828220858896,0.4325153374233129,0.24539877300613497,0.00920245,0.09969325,0.015384615384615385,0.07692307692307693,0.03076923076923077,0.2,0.015384615384615385,0.07692307692307693,0.03076923076923077,0.046153846153846156,0.24615384615384617,0.26153846153846155,12.8846344,0.89444721,329.0,2.59303563,88.56921515,0.10625726,0.76899696,0.06288343558282208,0.38803681,0.006134969325153374,0.007668711656441718,0.015337423312883436,0.37730061,423.6975,0.0598159509202454,'RP'
42.83995187,6.32022472,22.09090909,10.99686908,91.125,31.20271422,0.009626955475330927,0.07701564,2.068592057761733,3.6101083032490973,6.859205776173285,0.12033694344163658,0.12033694344163658,0.009626955475330927,0.03730445246690734,0.039711191335740074,0.08543922984356198,0.2069795427196149,0.11191335740072202,0.019253910950661854,0.10709987966305656,0.05776173285198556,0.056558363417569195,0.5053763440860215,0.05174488567990373,0.4981949458483754,0.25511432009626955,0.01203369,0.09747292,0.04938271604938271,0.13580246913580246,0.012345679012345678,0.13580246913580246,0.1111111111111111,0.024691358024691357,0.13580246913580246,0.07407407407407407,0.14814814814814814,0.1728395061728395,12.34950317,0.87390365,356.0,2.5858057,76.91503239,0.1140235,0.71910112,0.05174488567990373,0.30806258,0.010830324909747292,0.018050541516245487,0.021660649819494584,0.39590854,423.8000240673887,0.031287605294825514,'PCA'
45.21625164,6.71304348,32.14285714,22.14301075,96.42857143,47.87142644,0.009174311926605505,0.08125819,2.2110091743119265,2.490170380078637,6.028833551769331,0.1310615989515072,0.1310615989515072,0.020969855832241154,0.04325032765399738,0.03014416775884666,0.1127129750982962,0.22280471821756226,0.09174311926605505,0.027522935779816515,0.10615989515072084,0.04456094364351245,0.0563564875491481,0.6142857142857142,0.08125819134993446,0.48623853211009177,0.2490170380078637,0.01048493,0.08125819,0.08064516129032258,0.06451612903225806,0.0967741935483871,0.08064516129032258,0.08064516129032258,0.016129032258064516,0.12903225806451613,0.11290322580645161,0.12903225806451613,0.20967741935483872,12.4898386,0.88041544,345.0,2.58654115,80.07337109,0.11175216,0.71014493,0.05242463958060288,0.32110092,0.011795543905635648,0.023591087811271297,0.02621231979030144,0.39056356,435.86110091743114,0.03407601572739188,'PCA'
44.85387548,6.53541076,27.61538462,14.40907012,119.66666667,39.41094039,0.007623888182973317,0.08259212,2.147395171537484,3.1766200762388817,4.320203303684879,0.0,0.0,0.005082592121982211,0.05082592121982211,0.04193138500635324,0.10165184243964422,0.23252858958068615,0.13214739517153748,0.01905972045743329,0.0940279542566709,0.05082592121982211,0.05972045743329098,0.4519230769230769,0.04701397712833545,0.5082592121982211,0.2846251588310038,0.01778907,0.09656925,0.013157894736842105,0.09210526315789473,0.02631578947368421,0.07894736842105263,0.05263157894736842,0.02631578947368421,0.06578947368421052,0.013157894736842105,0.25,0.3815789473684211,12.58309105,0.87976413,353.0,2.59134824,80.01123313,0.11179555,0.69971671,0.044472681067344345,0.31385006,0.017789072426937738,0.025412960609911054,0.025412960609911054,0.40787802,430.47109911054633,0.030495552731893267,'PCA'
47.62516046,6.55795148,28.28,14.78247611,88.375,17.15326135,0.010269576379974325,0.08215661,2.1810012836970474,3.0808729139922977,4.7496790757381255,0.12836970474967907,0.12836970474967907,0.007702182284980745,0.03979460847240052,0.04236200256739409,0.10911424903722722,0.22721437740693196,0.110397946084724,0.019255455712451863,0.09114249037227215,0.06290115532734275,0.08985879332477535,0.813953488372093,0.059050064184852376,0.4582798459563543,0.28241335044929394,0.00770218,0.09627728,0.02666666666666667,0.18666666666666668,0.02666666666666667,0.08,0.04,0.02666666666666667,0.08,0.05333333333333334,0.24,0.24,13.29245445,0.888584,371.0,2.61508813,86.21274503,0.10769964,0.70889488,0.044929396662387676,0.33761232,0.019255455712451863,0.025673940949935817,0.025673940949935817,0.42875481,433.31513478819,0.051347881899871634,'PCA'
38.90865955,6.49541284,22.15151515,9.62988156,121.83333333,57.88326375,0.0071174377224199285,0.08896797,2.0901542111506526,3.795966785290629,6.880189798339265,0.0,0.35587188612099646,0.0166073546856465,0.04744958481613286,0.03202846975088968,0.1162514827995255,0.20640569395017794,0.10913404507710557,0.0166073546856465,0.09608540925266904,0.054567022538552785,0.06168446026097272,0.5652173913043479,0.06761565836298933,0.4578884934756821,0.27995255041518385,0.01067616,0.11743772,0.10101010101010101,0.06060606060606061,0.0,0.12121212121212122,0.050505050505050504,0.04040404040404041,0.0707070707070707,0.04040404040404041,0.1717171717171717,0.3434343434343434,11.29692008,0.85988452,328.0,2.5473619,69.3669887,0.12006698,0.65243902,0.045077105575326216,0.25385528,0.020166073546856466,0.02372479240806643,0.02372479240806643,0.40569395,425.6235172004745,0.042704626334519574,'PCA'
41.07365793,6.61702128,31.2173913,11.79150955,102.57142857,29.38832199,0.008739076154806492,0.08614232,2.1098626716604243,2.746566791510612,5.992509363295881,0.0,0.12484394506866417,0.009987515605493134,0.06117353308364544,0.039950062421972535,0.09238451935081149,0.2247191011235955,0.10362047440699126,0.016229712858926344,0.09987515605493133,0.062421972534332085,0.05368289637952559,0.5180722891566265,0.06117353308364544,0.5168539325842697,0.25842696629213485,0.01747815,0.09363296,0.06666666666666667,0.05333333333333334,0.04,0.12,0.06666666666666667,0.02666666666666667,0.10666666666666667,0.02666666666666667,0.25333333333333335,0.24,11.62464342,0.8669127,329.0,2.55726341,72.47617371,0.11746335,0.68693009,0.052434456928838954,0.28214732,0.0149812734082397,0.024968789013732832,0.024968789013732832,0.39700375,427.30150436953807,0.05368289637952559,'PCA'
43.13471503,6.91291291,33.66666667,13.40338739,101.0,54.58675925,0.009067357512953367,0.08290155,2.199481865284974,2.7202072538860103,4.922279792746114,0.0,0.0,0.0025906735751295338,0.06088082901554404,0.02849740932642487,0.08808290155440414,0.22797927461139897,0.13860103626943004,0.02072538860103627,0.10751295336787564,0.04922279792746114,0.05181347150259067,0.37383177570093457,0.06088082901554404,0.5012953367875648,0.2759067357512953,0.0246114,0.09326425,0.06944444444444445,0.05555555555555555,0.041666666666666664,0.16666666666666666,0.013888888888888888,0.05555555555555555,0.16666666666666666,0.06944444444444445,0.1527777777777778,0.20833333333333334,11.98493225,0.87353827,333.0,2.56886396,75.85265018,0.11481923,0.70570571,0.05310880829015544,0.30440415,0.011658031088082901,0.025906735751295335,0.025906735751295335,0.41709845,434.8835556994818,0.038860103626943004,'PCA'
42.04275534,6.39943343,30.2,12.11280314,107.85714286,41.50190554,0.00831353919239905,0.08313539,1.990498812351544,2.969121140142518,6.0570071258907365,0.0,0.0,0.004750593824228029,0.04513064133016627,0.032066508313539195,0.09382422802850356,0.19714964370546317,0.11520190023752969,0.027315914489311165,0.1187648456057007,0.06175771971496437,0.05938242280285035,0.5154639175257731,0.043942992874109264,0.5,0.27078384798099764,0.01425178,0.09501188,0.1,0.0875,0.0375,0.1125,0.075,0.05,0.1625,0.025,0.2375,0.1125,12.19964565,0.87136113,354.0,2.58110594,75.54230492,0.11505484,0.68926554,0.043942992874109264,0.28978622,0.014251781472684086,0.023752969121140142,0.023752969121140142,0.4239905,417.20106294536816,0.043942992874109264,'PCA'
45.66831683,6.24184783,22.53125,12.90587167,120.16666667,53.13008146,0.007425742574257425,0.07425743,2.0631188118811883,3.9603960396039604,4.3316831683168315,0.0,0.12376237623762376,0.01485148514851485,0.06188118811881188,0.06188118811881188,0.08787128712871287,0.16336633663366337,0.10148514851485149,0.02103960396039604,0.14603960396039603,0.04702970297029703,0.08168316831683169,0.8048780487804877,0.06311881188118812,0.5,0.23638613861386137,0.01608911,0.08663366,0.014285714285714285,0.1,0.014285714285714285,0.14285714285714285,0.07142857142857142,0.05714285714285714,0.15714285714285714,0.02857142857142857,0.2857142857142857,0.12857142857142856,12.9813747,0.88292507,369.0,2.60639145,82.49598024,0.11009906,0.71815718,0.04207920792079208,0.3279703,0.013613861386138614,0.024752475247524754,0.024752475247524754,0.4220297,423.33339727722773,0.043316831683168314,'PCA'
45.49356223,6.83596215,24.96,9.64771476,104.0,32.91909274,0.008583690987124463,0.06294707,2.1459227467811157,3.4334763948497855,6.1516452074391985,0.0,0.0,0.0,0.060085836909871244,0.05293276108726753,0.11158798283261803,0.1859799713876967,0.09728183118741059,0.015736766809728183,0.13161659513590845,0.07296137339055794,0.06580829756795423,0.6764705882352942,0.05150214592274678,0.48497854077253216,0.28183118741058655,0.00858369,0.09012876,0.09523809523809523,0.09523809523809523,0.015873015873015872,0.07936507936507936,0.06349206349206349,0.031746031746031744,0.07936507936507936,0.06349206349206349,0.2857142857142857,0.19047619047619047,12.02786464,0.87974941,318.0,2.56555864,78.57881383,0.11280991,0.74528302,0.04291845493562232,0.33905579,0.011444921316165951,0.020028612303290415,0.02861230329041488,0.44062947,430.3437625178826,0.06151645207439199,'PCA'
48.39650146,6.3313253,21.0,9.54481264,60.9,39.18277683,0.014577259475218658,0.07434402,2.0291545189504374,4.227405247813411,6.122448979591836,0.0,0.0,0.0,0.03206997084548105,0.021865889212827987,0.10787172011661808,0.23177842565597667,0.1151603498542274,0.021865889212827987,0.11661807580174927,0.06559766763848396,0.04227405247813411,0.36708860759493667,0.04664723032069971,0.47959183673469385,0.2886297376093295,0.00437318,0.10641399,0.0136986301369863,0.0684931506849315,0.0547945205479452,0.1095890410958904,0.0136986301369863,0.0684931506849315,0.0821917808219178,0.0684931506849315,0.2465753424657534,0.273972602739726,12.6758189,0.88887517,332.0,2.58804929,84.78811496,0.10860067,0.74096386,0.043731778425655975,0.35860058,0.008746355685131196,0.01020408163265306,0.016034985422740525,0.39212828,420.4585641399417,0.04956268221574344,'MC'
48.33091437,6.78678679,23.11538462,9.51649145,60.1,20.10198995,0.01451378809869376,0.06531205,2.1828737300435415,3.7735849056603774,6.821480406386066,0.0,0.14513788098693758,0.005805515239477504,0.062409288824383166,0.04644412191582003,0.07256894049346879,0.18722786647314948,0.10885341074020319,0.015965166908563134,0.11320754716981132,0.059506531204644414,0.059506531204644414,0.5466666666666667,0.05805515239477504,0.4934687953555878,0.2409288824383164,0.01596517,0.09869376,0.07352941176470588,0.04411764705882353,0.04411764705882353,0.11764705882352941,0.014705882352941176,0.10294117647058823,0.11764705882352941,0.014705882352941176,0.22058823529411764,0.25,12.68628964,0.88874186,333.0,2.58861927,84.74310524,0.10862951,0.76576577,0.059506531204644414,0.3701016,0.011611030478955007,0.018867924528301886,0.027576197387518143,0.38026125,433.46781567489114,0.05660377358490566,'MC'
45.69620253,6.45706371,24.10344828,13.56299435,49.92857143,33.33266156,0.017721518987341773,0.06835443,2.1113924050632913,3.2911392405063293,5.822784810126582,0.0,0.12658227848101267,0.012658227848101266,0.030379746835443037,0.04050632911392405,0.08354430379746836,0.18734177215189873,0.11772151898734177,0.016455696202531647,0.11392405063291139,0.056962025316455694,0.06962025316455696,0.5913978494623655,0.07215189873417721,0.46455696202531643,0.2582278481012658,0.01012658,0.09873418,0.07692307692307693,0.07692307692307693,0.05128205128205128,0.10256410256410256,0.02564102564102564,0.01282051282051282,0.05128205128205128,0.1794871794871795,0.21794871794871795,0.20512820512820512,12.84380361,0.88262124,361.0,2.60059193,82.0055386,0.1104278,0.72853186,0.05189873417721519,0.33291139,0.02278481012658228,0.02531645569620253,0.02531645569620253,0.41898734,427.42539240506335,0.056962025316455694,'MC'
51.59332322,6.58823529,19.23333333,14.71888432,52.45454545,28.2468458,0.01669195751138088,0.07283763,2.1532625189681336,3.793626707132018,7.132018209408194,0.0,0.0,0.0,0.06828528072837632,0.03490136570561457,0.1047040971168437,0.21396054628224584,0.08649468892261002,0.013657056145675266,0.0819423368740516,0.054628224582701064,0.04704097116843703,0.543859649122807,0.06676783004552352,0.4992412746585736,0.24582701062215478,0.02579666,0.11532625,0.05263157894736842,0.02631578947368421,0.039473684210526314,0.15789473684210525,0.07894736842105263,0.02631578947368421,0.10526315789473684,0.02631578947368421,0.25,0.23684210526315788,13.24451958,0.8980425,340.0,2.60582935,91.84351371,0.10434599,0.76764706,0.05007587253414264,0.39605463,0.009104704097116844,0.012139605462822459,0.013657056145675266,0.35963581,430.95942336874054,0.048558421851289835,'MC'
49.20174165,6.36578171,18.06060606,9.09191914,59.6,35.13175202,0.01451378809869376,0.06240929,2.0986937590711174,4.644412191582003,6.095791001451379,0.0,0.14513788098693758,0.011611030478955007,0.03773584905660377,0.05805515239477504,0.0841799709724238,0.18577648766328012,0.09433962264150944,0.01741654571843251,0.11756168359941944,0.06676342525399129,0.05224963715529753,0.5538461538461538,0.07256894049346879,0.4876632801161103,0.24528301886792453,0.00725689,0.10595065,0.0410958904109589,0.1643835616438356,0.0547945205479452,0.1232876712328767,0.0958904109589041,0.0547945205479452,0.0410958904109589,0.0821917808219178,0.2465753424657534,0.0958904109589041,12.91487144,0.89147437,339.0,2.5965782,86.87680817,0.10728724,0.7640118,0.06676342525399129,0.37590711,0.00725689404934688,0.01451378809869376,0.01741654571843251,0.39622642,426.33735123367194,0.059506531204644414,'MC'
49.0593343,6.36283186,17.54285714,7.3575728,55.81818182,28.17419252,0.015918958031837915,0.06367583,2.0492040520984083,5.065123010130246,5.354558610709117,0.0,0.1447178002894356,0.0,0.0361794500723589,0.056439942112879886,0.08393632416787265,0.22141823444283648,0.09406657018813314,0.024602026049204053,0.12445730824891461,0.06367583212735166,0.04630969609261939,0.4923076923076923,0.03762662807525326,0.5253256150506512,0.24167872648335745,0.01013025,0.09117221,0.015873015873015872,0.1111111111111111,0.047619047619047616,0.12698412698412698,0.06349206349206349,0.015873015873015872,0.14285714285714285,0.047619047619047616,0.2698412698412698,0.15873015873015872,12.89616777,0.89107915,339.0,2.59606513,86.59996967,0.10745859,0.75221239,0.030390738060781478,0.36903039,0.011577424023154847,0.01447178002894356,0.023154848046309694,0.40520984,422.1462518089725,0.04775687409551375,'MC'
48.25986079,6.54807692,23.24242424,14.5831582,69.72727273,40.12727685,0.012761020881670533,0.04988399,2.01508120649652,3.7122969837587005,7.192575406032483,0.0,0.0,0.0,0.04640371229698376,0.06960556844547564,0.08120649651972157,0.18793503480278423,0.10672853828306264,0.02320185614849188,0.10208816705336426,0.07888631090487239,0.05568445475638051,0.5217391304347826,0.052204176334106726,0.4837587006960557,0.2668213457076566,0.01160093,0.09280742,0.05,0.0875,0.025,0.1625,0.05,0.05,0.0625,0.0375,0.325,0.15,14.16901623,0.8922115,416.0,2.6480273,90.46924062,0.10513553,0.78846154,0.04176334106728538,0.38051044,0.008120649651972157,0.01160092807424594,0.02088167053364269,0.40951276,419.27201276102085,0.06380510440835267,'MC'
46.13333333,6.47109827,24.96153846,11.64368686,64.9,21.01642215,0.013333333333333334,0.08133333,2.1066666666666665,3.466666666666667,7.333333333333333,0.0,0.0,0.005333333333333333,0.048,0.032,0.07066666666666667,0.23466666666666666,0.116,0.02266666666666667,0.09333333333333334,0.05333333333333334,0.05733333333333333,0.49425287356321834,0.048,0.49866666666666665,0.24,0.01466667,0.12133333,0.01098901098901099,0.10989010989010989,0.08791208791208792,0.10989010989010989,0.04395604395604396,0.04395604395604396,0.0989010989010989,0.01098901098901099,0.27472527472527475,0.2087912087912088,12.63413366,0.88313809,346.0,2.59079529,81.72676955,0.11061597,0.72543353,0.042666666666666665,0.33466667,0.012,0.02666666666666667,0.02666666666666667,0.35866667,427.0197533333333,0.034666666666666665,'MC'
47.56606398,6.33040936,22.46428571,11.03398045,69.88888889,32.64436124,0.012517385257301807,0.08066759,2.0806675938803894,3.8942976356050067,6.675938803894297,0.0,0.0,0.0027816411682892906,0.054242002781641166,0.05146036161335188,0.07927677329624479,0.21835883171070933,0.11126564673157163,0.019471488178025034,0.09596662030598054,0.04172461752433936,0.04450625869262865,0.39999999999999997,0.048678720445062586,0.5326842837273992,0.23226703755215578,0.02086231,0.10709318,0.03896103896103896,0.05194805194805195,0.025974025974025976,0.11688311688311688,0.06493506493506493,0.05194805194805195,0.09090909090909091,0.06493506493506493,0.23376623376623376,0.2597402597402597,12.7544478,0.88703766,342.0,2.59299269,84.00895236,0.10910313,0.73684211,0.05146036161335188,0.35048679,0.005563282336578581,0.01808066759388039,0.025034770514603615,0.36161335,424.8185396383866,0.03616133518776078,'MC'
46.19225968,6.36486486,18.33333333,9.54431858,55.0,33.32358832,0.016229712858926344,0.06117353,2.0224719101123596,4.49438202247191,5.368289637952559,0.0,0.12484394506866417,0.0,0.03745318352059925,0.05867665418227216,0.09488139825218476,0.1797752808988764,0.0986267166042447,0.012484394506866416,0.12983770287141075,0.06367041198501873,0.06991260923845194,0.7088607594936709,0.04744069912609238,0.4993757802746567,0.2571785268414482,0.01498127,0.10736579,0.046511627906976744,0.12790697674418605,0.023255813953488372,0.06976744186046512,0.08139534883720931,0.03488372093023256,0.08139534883720931,0.011627906976744186,0.32558139534883723,0.19767441860465115,13.07330719,0.88447891,370.0,2.60908112,83.49694819,0.10943713,0.76216216,0.039950062421972535,0.35205993,0.01373283395755306,0.019975031210986267,0.024968789013732832,0.43196005,419.8905056179775,0.056179775280898875,'MC'
53.36426914,5.90393013,16.86956522,8.82833555,48.5,18.16590212,0.018561484918793503,0.07656613,2.0440835266821344,5.336426914153132,3.480278422273782,0.0,0.0,0.0,0.060324825986078884,0.05568445475638051,0.09744779582366589,0.23201856148491878,0.11832946635730858,0.016241299303944315,0.13921113689095127,0.037122969837587005,0.04640371229698376,0.39215686274509803,0.030162412993039442,0.5522041763341067,0.2529002320185615,0.0162413,0.08816705,0.07894736842105263,0.13157894736842105,0.0,0.07894736842105263,0.10526315789473684,0.0,0.05263157894736842,0.02631578947368421,0.2631578947368421,0.2631578947368421,11.07871017,0.89646924,230.0,2.50691671,84.53085879,0.1087658,0.73478261,0.025522041763341066,0.39211137,0.013921113689095127,0.018561484918793503,0.027842227378190254,0.39443155,421.7079466357309,0.027842227378190254,'FA'
50.0,6.43668122,25.875,11.0616172,37.63636364,9.01788856,0.02391304347826087,0.05434783,2.1130434782608694,3.4782608695652173,5.434782608695652,0.0,0.43478260869565216,0.004347826086956522,0.041304347826086954,0.04565217391304348,0.12391304347826088,0.23695652173913043,0.12391304347826088,0.021739130434782608,0.08695652173913043,0.05,0.043478260869565216,0.3508771929824561,0.043478260869565216,0.4956521739130435,0.29782608695652174,0.00869565,0.08913043,0.07317073170731707,0.07317073170731707,0.0,0.12195121951219512,0.024390243902439025,0.024390243902439025,0.07317073170731707,0.0975609756097561,0.2926829268292683,0.21951219512195122,10.72380529,0.88694804,230.0,2.49463738,78.24269424,0.11305196,0.76086957,0.043478260869565216,0.38043478,0.004347826086956522,0.015217391304347827,0.021739130434782608,0.41521739,427.56317391304344,0.03695652173913044,'FA'
48.53963839,6.52586207,21.26666667,13.26130545,39.875,14.81078577,0.022253129346314324,0.07232267,2.168289290681502,4.033379694019471,5.4242002781641165,0.0,0.13908205841446453,0.005563282336578581,0.043115438108484005,0.04172461752433936,0.09040333796940195,0.2086230876216968,0.11821974965229486,0.02086230876216968,0.1043115438108484,0.048678720445062586,0.048678720445062586,0.4117647058823529,0.055632823365785816,0.49791376912378305,0.2573018080667594,0.00973574,0.09735744,0.11428571428571428,0.05714285714285714,0.014285714285714285,0.14285714285714285,0.04285714285714286,0.08571428571428572,0.1,0.11428571428571428,0.2571428571428571,0.07142857142857142,13.01550375,0.89011787,349.0,2.60199677,86.36388569,0.10760536,0.73638968,0.0458970792767733,0.35744089,0.011126564673157162,0.022253129346314324,0.02642559109874826,0.3922114,432.2313351877608,0.03894297635605007,'FA'
48.44006568,6.29830508,24.0,12.02648592,40.61538462,17.48642753,0.021346469622331693,0.08045977,2.1921182266009853,3.61247947454844,7.389162561576355,0.0,0.16420361247947454,0.006568144499178982,0.04597701149425287,0.05582922824302135,0.08210180623973727,0.19540229885057472,0.09852216748768473,0.022988505747126436,0.11658456486042693,0.042692939244663386,0.054187192118226604,0.55,0.054187192118226604,0.5254515599343186,0.2233169129720854,0.01149425,0.12315271,0.06666666666666667,0.06666666666666667,0.013333333333333334,0.10666666666666667,0.04,0.013333333333333334,0.14666666666666667,0.08,0.26666666666666666,0.2,11.95400325,0.88695205,295.0,2.55633942,81.82632602,0.11054866,0.72881356,0.05582922824302135,0.35303777,0.013136288998357963,0.019704433497536946,0.022988505747126436,0.37110016,434.24986863711,0.029556650246305417,'FA'
48.22934233,6.37412587,26.4,11.65075105,48.0,14.79557673,0.01854974704890388,0.09106239,2.1315345699831365,3.372681281618887,4.721753794266442,0.0,0.16863406408094436,0.01011804384485666,0.05733558178752108,0.03372681281618887,0.08768971332209106,0.2411467116357504,0.08768971332209106,0.026981450252951095,0.11467116357504216,0.05396290050590219,0.048903878583473864,0.5576923076923077,0.03709949409780776,0.5413153456998314,0.22934232715008432,0.01011804,0.0994941,0.1016949152542373,0.11864406779661017,0.01694915254237288,0.11864406779661017,0.03389830508474576,0.03389830508474576,0.1694915254237288,0.1016949152542373,0.1864406779661017,0.11864406779661017,11.74461234,0.8857979,286.0,2.54717627,80.66304001,0.11134295,0.70629371,0.05227655986509275,0.34064081,0.02023608768971332,0.026981450252951095,0.03372681281618887,0.38785835,429.1285919055649,0.023608768971332208,'FA'
46.89189189,6.08069164,16.94736842,9.49777638,35.77777778,15.02795749,0.024324324324324326,0.06621622,2.031081081081081,4.72972972972973,5.135135135135135,0.13513513513513514,0.0,0.01891891891891892,0.05675675675675676,0.04864864864864865,0.08108108108108109,0.20135135135135135,0.09054054054054055,0.022972972972972974,0.0972972972972973,0.05,0.05810810810810811,0.6417910447761194,0.07567567567567568,0.49864864864864866,0.22162162162162163,0.02027027,0.10945946,0.04938271604938271,0.07407407407407407,0.012345679012345678,0.08641975308641975,0.04938271604938271,0.012345679012345678,0.1111111111111111,0.07407407407407407,0.30864197530864196,0.2222222222222222,12.75597369,0.88536923,347.0,2.5944077,83.14854167,0.10966617,0.73775216,0.051351351351351354,0.34594595,0.01756756756756757,0.022972972972972974,0.02702702702702703,0.39324324,420.61645270270265,0.04054054054054054,'FA'
53.00353357,5.85333333,27.55555556,10.63653151,41.33333333,14.57928515,0.02120141342756184,0.08127208,2.070671378091873,2.8268551236749118,4.240282685512367,0.0,0.35335689045936397,0.007067137809187279,0.03180212014134275,0.0353356890459364,0.08833922261484099,0.24381625441696114,0.12014134275618374,0.0176678445229682,0.0812720848056537,0.0353356890459364,0.03180212014134275,0.2647058823529412,0.045936395759717315,0.5477031802120141,0.24381625441696114,0.00353357,0.1130742,0.15625,0.03125,0.03125,0.0625,0.0,0.03125,0.15625,0.125,0.25,0.15625,8.91657447,0.88755335,150.0,2.38901755,72.43130931,0.11749972,0.71333333,0.0706713780918728,0.37809187,0.007067137809187279,0.024734982332155476,0.03180212014134275,0.39222615,423.981519434629,0.024734982332155476,'FA'
42.16281896,6.3573487,19.94444444,12.93991337,44.875,17.97176605,0.019441069258809233,0.08383961,2.091130012150668,4.25273390036452,5.103280680437424,0.0,0.0,0.009720534629404616,0.040097205346294046,0.03523693803159174,0.09477521263669501,0.2065613608748481,0.10449574726609964,0.010935601458080195,0.10328068043742406,0.060753341433778855,0.0425273390036452,0.40697674418604646,0.05953827460510328,0.4993924665856622,0.2600243013365735,0.01336574,0.09477521,0.0641025641025641,0.10256410256410256,0.05128205128205128,0.11538461538461539,0.038461538461538464,0.0641025641025641,0.16666666666666666,0.0641025641025641,0.21794871794871795,0.11538461538461539,12.09565963,0.87134857,347.0,2.57616822,75.27898099,0.11525589,0.6945245,0.053462940461725394,0.29283111,0.018226002430133656,0.024301336573511544,0.024301336573511544,0.39611179,425.6989671931956,0.053462940461725394,'FA'
52.74151436,6.41791045,24.5,18.14918337,34.3,13.84232639,0.02610966057441253,0.07832898,2.248041775456919,3.6553524804177546,5.221932114882507,0.0,0.0,0.010443864229765013,0.057441253263707574,0.028720626631853787,0.10443864229765012,0.26631853785900783,0.10704960835509138,0.010443864229765013,0.08616187989556136,0.028720626631853787,0.018276762402088774,0.17073170731707318,0.06788511749347259,0.5587467362924282,0.2402088772845953,0.02349869,0.08093995,0.0,0.06451612903225806,0.0,0.12903225806451613,0.0967741935483871,0.0967741935483871,0.0967741935483871,0.06451612903225806,0.22580645161290322,0.22580645161290322,10.32171783,0.89244056,202.0,2.46945121,79.78101095,0.11195674,0.73762376,0.057441253263707574,0.38903394,0.013054830287206266,0.031331592689295036,0.04960835509138381,0.37859008,438.9769321148825,0.02610966057441253,'FA'
46.47696477,6.24198251,16.76923077,10.2067387,43.6,13.89868099,0.02032520325203252,0.07859079,2.035230352303523,5.149051490514905,4.742547425474255,0.0,0.13550135501355012,0.005420054200542005,0.037940379403794036,0.04200542005420054,0.09620596205962059,0.2127371273712737,0.10569105691056911,0.023035230352303523,0.10840108401084012,0.05420054200542006,0.051490514905149054,0.48717948717948717,0.056910569105691054,0.497289972899729,0.25609756097560976,0.00948509,0.11382114,0.047619047619047616,0.10714285714285714,0.0,0.11904761904761904,0.05952380952380952,0.08333333333333333,0.09523809523809523,0.03571428571428571,0.2619047619047619,0.19047619047619047,12.62600448,0.88397639,343.0,2.58973578,82.1167116,0.11035302,0.72011662,0.04336043360433604,0.33468835,0.014905149051490514,0.018970189701897018,0.02710027100271003,0.40785908,420.9618495934959,0.044715447154471545,'FA'
49.39434724,6.47138965,15.92682927,6.86948091,59.36363636,29.98263961,0.014804845222072678,0.07537012,2.215343203230148,5.518169582772543,4.576043068640646,0.0,0.4037685060565276,0.0026917900403768506,0.06056527590847914,0.04576043068640646,0.08209959623149395,0.24764468371467024,0.12113055181695828,0.013458950201884253,0.10228802153432032,0.03230148048452221,0.04845222072678331,0.39999999999999997,0.040376850605652756,0.5477792732166891,0.23553162853297444,0.01480485,0.09421265,0.05714285714285714,0.04285714285714286,0.05714285714285714,0.12857142857142856,0.014285714285714285,0.07142857142857142,0.08571428571428572,0.02857142857142857,0.24285714285714285,0.2714285714285714,13.46392418,0.8933041,367.0,2.61855133,89.38692078,0.10577012,0.76566757,0.04576043068640646,0.3781965,0.006729475100942127,0.014804845222072678,0.018842530282637954,0.36877524,436.1956594885599,0.03230148048452221,'LDE'
46.85314685,6.50872818,17.11363636,9.8862069,107.57142857,45.58463758,0.008158508158508158,0.07109557,2.1165501165501164,4.895104895104895,5.361305361305361,0.0,0.4662004662004662,0.009324009324009324,0.04079254079254079,0.045454545454545456,0.08974358974358974,0.21794871794871795,0.10606060606060606,0.024475524475524476,0.11072261072261072,0.04195804195804196,0.055944055944055944,0.5274725274725275,0.055944055944055944,0.5046620046620046,0.23776223776223776,0.01165501,0.1048951,0.06666666666666667,0.05555555555555555,0.044444444444444446,0.17777777777777778,0.044444444444444446,0.044444444444444446,0.12222222222222222,0.06666666666666667,0.16666666666666666,0.2111111111111111,13.72405371,0.88775774,402.0,2.63379185,86.81965311,0.10732255,0.75124378,0.05128205128205128,0.35198135,0.004662004662004662,0.01282051282051282,0.017482517482517484,0.38811189,427.8442715617715,0.0337995337995338,'LDE'
49.06103286,6.4569378,13.14285714,7.16745764,73.6,35.82513084,0.011737089201877934,0.05868545,2.0833333333333335,5.985915492957746,6.924882629107981,0.2347417840375587,0.11737089201877934,0.0,0.04107981220657277,0.04929577464788732,0.0903755868544601,0.21713615023474178,0.09741784037558686,0.012910798122065728,0.11150234741784038,0.04342723004694836,0.07394366197183098,0.7590361445783133,0.04107981220657277,0.5011737089201878,0.2312206572769953,0.01173709,0.11032864,0.06382978723404255,0.06382978723404255,0.0,0.19148936170212766,0.09574468085106383,0.0851063829787234,0.05319148936170213,0.06382978723404255,0.19148936170212766,0.19148936170212766,14.32044404,0.89446521,418.0,2.65214538,92.24171545,0.10412052,0.78229665,0.04460093896713615,0.38380282,0.011737089201877934,0.018779342723004695,0.023474178403755867,0.38380282,425.0242429577465,0.04225352112676056,'LDE'
47.75212637,6.43256997,16.5,6.99837644,72.6,22.6856783,0.012150668286755772,0.07290401,2.1275820170109356,5.34629404617254,6.075334143377885,0.0,0.12150668286755771,0.0,0.05710814094775213,0.046172539489671933,0.07897934386391252,0.23815309842041313,0.09720534629404617,0.012150668286755772,0.11057108140947752,0.04860267314702309,0.08019441069258809,0.825,0.030376670716889428,0.5249088699878494,0.22478736330498178,0.01579587,0.08505468,0.07142857142857142,0.1,0.0,0.22857142857142856,0.07142857142857142,0.05714285714285714,0.07142857142857142,0.02857142857142857,0.24285714285714285,0.12857142857142856,13.69911883,0.88989254,393.0,2.63099401,87.95723918,0.10662627,0.73536896,0.026731470230862697,0.35115431,0.012150668286755772,0.019441069258809233,0.024301336573511544,0.39125152,428.7704738760632,0.0425273390036452,'LDE'
46.68989547,6.77363184,16.19148936,9.55307302,69.18181818,19.25814199,0.012775842044134728,0.05923345,2.156794425087108,5.2264808362369335,5.807200929152149,0.0,0.11614401858304298,0.0023228803716608595,0.06155632984901278,0.05226480836236934,0.09639953542392567,0.19279907084785133,0.10104529616724739,0.026713124274099883,0.11846689895470383,0.04645760743321719,0.06155632984901278,0.6091954022988506,0.04994192799070848,0.49361207897793263,0.24390243902439024,0.0116144,0.09988386,0.10465116279069768,0.10465116279069768,0.023255813953488372,0.11627906976744186,0.046511627906976744,0.06976744186046512,0.06976744186046512,0.05813953488372093,0.23255813953488372,0.1744186046511628,13.70012335,0.88729924,402.0,2.63319435,86.51112074,0.10751376,0.7761194,0.047619047619047616,0.36236934,0.015098722415795587,0.018583042973286876,0.023228803716608595,0.38559814,431.2444018583043,0.047619047619047616,'LDE'
49.28335171,6.51230425,16.625,8.97827238,72.54545455,25.40709864,0.012127894156560088,0.05733186,2.061742006615215,5.071664829106946,5.512679162072767,0.0,0.2205071664829107,0.004410143329658214,0.04851157662624035,0.023153252480705624,0.09371554575523705,0.18853362734288864,0.09371554575523705,0.015435501653803748,0.1256890848952591,0.06174200661521499,0.06504961411245866,0.6941176470588235,0.06835722160970231,0.48180815876515987,0.24917309812568908,0.00992282,0.08489526,0.11688311688311688,0.1038961038961039,0.012987012987012988,0.1038961038961039,0.07792207792207792,0.09090909090909091,0.09090909090909091,0.03896103896103896,0.2597402597402597,0.1038961038961039,14.84239139,0.89609852,447.0,2.67079052,94.56033807,0.10283607,0.79865772,0.04961411245865491,0.39360529,0.002205071664829107,0.007717750826901874,0.009922822491730982,0.38699008,423.2068963616317,0.06504961411245866,'LDE'
51.79153094,6.23430962,15.01851852,8.59261255,73.72727273,30.28077971,0.011943539630836048,0.05428882,2.0271444082519,5.863192182410423,4.017372421281216,0.0,0.5428881650380022,0.004343105320304018,0.06080347448425624,0.04451682953311618,0.08794788273615635,0.21064060803474485,0.09771986970684039,0.013029315960912053,0.10966340933767643,0.07057546145494029,0.03691639522258415,0.3777777777777778,0.053203040173724216,0.5168295331161781,0.256243213897937,0.01411509,0.09554832,0.056818181818181816,0.045454545454545456,0.045454545454545456,0.125,0.045454545454545456,0.022727272727272728,0.125,0.07954545454545454,0.22727272727272727,0.22727272727272727,15.71768439,0.90360451,477.0,2.69656795,102.15267991,0.09894073,0.81132075,0.04560260586319218,0.42019544,0.004343105320304018,0.0054288816503800215,0.00760043431053203,0.37567861,420.27190553745925,0.06080347448425624,'LDE'
49.22566372,6.48988764,13.3220339,6.88757338,49.125,30.16180325,0.017699115044247787,0.06084071,2.0719026548672566,6.5265486725663715,5.3097345132743365,0.0,0.0,0.00663716814159292,0.04535398230088496,0.04092920353982301,0.08296460176991151,0.21349557522123894,0.09402654867256637,0.018805309734513276,0.125,0.05088495575221239,0.061946902654867256,0.6588235294117647,0.06637168141592921,0.49557522123893805,0.22787610619469026,0.00663717,0.09513274,0.03488372093023256,0.11627906976744186,0.011627906976744186,0.1511627906976744,0.06976744186046512,0.06976744186046512,0.10465116279069768,0.06976744186046512,0.23255813953488372,0.13953488372093023,14.80047984,0.89587589,445.0,2.66939645,94.31224486,0.10297124,0.78426966,0.046460176991150445,0.38606195,0.0055309734513274336,0.008849557522123894,0.016592920353982302,0.37168142,424.0505973451327,0.04092920353982301,'LDE'
47.33727811,6.655,13.34545455,7.86295846,66.72727273,22.42600321,0.01301775147928994,0.0591716,2.088757396449704,6.508875739644971,5.325443786982248,0.0,0.23668639053254437,0.009467455621301775,0.06627218934911243,0.03905325443786982,0.09230769230769231,0.1952662721893491,0.0970414201183432,0.016568047337278107,0.11242603550295859,0.06153846153846154,0.05680473372781065,0.5853658536585366,0.06272189349112427,0.4840236686390533,0.25088757396449707,0.01893491,0.08994083,0.06578947368421052,0.07894736842105263,0.039473684210526314,0.15789473684210525,0.06578947368421052,0.039473684210526314,0.09210526315789473,0.013157894736842105,0.3157894736842105,0.13157894736842105,13.76041832,0.88902883,400.0,2.63421936,87.61561589,0.10683394,0.7675,0.047337278106508875,0.36331361,0.005917159763313609,0.008284023668639054,0.009467455621301775,0.39881657,425.4754082840237,0.05562130177514793,'LDE'
46.89966178,6.67548077,14.27777778,6.15965567,64.25,29.82204162,0.013528748590755355,0.06538895,2.1961668545659525,6.08793686583991,6.313416009019166,0.0,0.2254791431792559,0.002254791431792559,0.05186020293122886,0.03720405862457723,0.09470124013528748,0.22886133032694475,0.10710259301014656,0.030439684329199548,0.10372040586245772,0.05298759864712514,0.04171364148816235,0.38947368421052636,0.04509582863585118,0.496054114994363,0.2547914317925592,0.01465614,0.10146561,0.022222222222222223,0.15555555555555556,0.05555555555555555,0.1,0.07777777777777778,0.03333333333333333,0.03333333333333333,0.08888888888888889,0.2222222222222222,0.2111111111111111,13.96791298,0.88845359,416.0,2.64312874,87.79117606,0.10672707,0.76201923,0.048478015783540024,0.35738444,0.006764374295377677,0.011273957158962795,0.015783540022547914,0.35400225,434.56663472378807,0.038331454340473504,'LDE'
