DiversidadeLexica,TamanhoMedioDasPalavras,TamanhoMedioSentencas,StdevSentencas,TamanhoMedioParagrafos,Ponto,Virgulas,PontoEVirgula,Exclamacoes,DoisPontos,Travessao,E,Mas,Porem,Se,Isto,Mais,Precisa,Pode,Esse,Muito,FreqAdjetivos,FreqAdv,FreqArt,FreqSubs,FreqPrep,FreqVerbos,FreqConj,FreqPronomes,FreqTermosNaoTageados,FreqPalavrasErradas,FreqVogais,FreqLetrasA,FreqLetrasE,FreqLetrasI,FreqLetrasO,FreqLetrasU,FrequenciaConsoantes,FrequenciaDeHapaxLegomenaLocal,FrequenciaDeBigrams,FrequenciaDeTrigrams,FrequenciaDeQuadrigrams,TamanhoMaisFrequenteDePalavras,TamanhoMaiorPalavra,GuiraudR,HerdanC,HerdanV,MedidaK,DugastU,MaasA,MedidaLN,HonoresH,Classe(Autor)
0.10327664137802417,0.014959002759415084,0.06915601005941224,0.03391910761980662,0.10373400343361236,0.006491674229951563,0.012393196257180258,0.001180304405445739,0.0005901522027228693,0.0,0.0,0.005901522027228694,0.001180304405445739,0.0,0.0029507610136143476,0.0,0.0,0.0,0.0,0.0,0.0,5.3113698245058254e-05,0.00010622739649011651,0.00027147001325251996,0.0003776974097426364,0.00019475022689854693,0.00031278066744312076,0.00022425783703469037,0.00015934109473517475,0.00042490958596046603,8.85228304084304e-05,0.005028096767198848,0.0014104637645076577,0.0014871835508616308,0.0006196598128590128,0.0009501450463838199,0.000560644592586726,0.005759885498575204,0.0006078579491089609,8.85228304084304e-05,0.00011803044054457388,0.00011803044054457388,0.004662202401510668,0.03496651801133001,0.020525835603902875,0.0020136984612604877,0.4079427101321835,0.005587486401126483,0.1476721373922414,0.00029287955486290016,-0.00027024456220356587,0.0013720162337285669,'DJE'
0.10481089557363195,0.013440756231245047,0.06458995792022727,0.033458792833928844,0.1937698936685483,0.005581644804572187,0.009922924097017222,0.0,0.0,0.0,0.001860548268190729,0.0012403655121271525,0.0006201827560635763,0.0,0.0012403655121271525,0.0,0.0,0.0,0.0006201827560635763,0.0012403655121271525,0.0,4.9614620485086105e-05,4.3412792924450346e-05,0.00016124751657652984,0.00017365117169780136,0.0002294676197435232,0.00022326579218288746,0.0001178347236520795,0.00013023837877335098,0.000651191893866755,0.0002790822402286093,0.004471517671218386,0.0009240723065347287,0.0013209892704154175,0.0008000357553220135,0.0010543106853080797,0.0003721096536381458,0.005128911392645776,0.0007256218249519376,2.4807310242543052e-05,4.9614620485086105e-05,6.822010316699339e-05,0.00398157329392816,0.03384337299838936,0.0187784135733522,0.0017694908032875529,0.33644294333692953,0.004818519908178329,0.14912224282695433,0.0002300154891902298,-0.000239093476300386,0.0013782415035597023,'AJ'
0.21871621489553392,0.014022223946942315,0.06775448329668622,0.016261075991204695,0.13550896659337244,0.009509401164447187,0.02377350291111797,0.0,0.0,0.0,0.0,0.004754700582223595,0.0,0.0,0.004754700582223595,0.0,0.0,0.0,0.0,0.0,0.0,0.00033282904075565166,0.0,9.50940116444719e-05,0.00033282904075565166,9.50940116444719e-05,0.0002852820349334157,0.0002852820349334157,0.00023773502911117973,0.0007132050873335392,0.0005230170640445954,0.005420358663734898,0.0014739571804893144,0.001711692209600494,0.0008082990989780111,0.0008082990989780111,0.0006181110756890674,0.006086016745246201,0.0018543318006570273,0.0,0.0,0.0,0.002710179331867449,0.02981197265054194,0.01651271614216859,0.0025664585218985185,0.12466824926590266,0.005883880634864188,0.2980892369879359,0.0002584155992935613,-0.000464416330308806,0.002297771342937179,'SDJME'
0.1235617988353049,0.016031503236446303,0.0478860213395069,0.018879665557984093,0.0957720426790138,0.010879654312773396,0.015542363303961994,0.0,0.0,0.005439827156386697,0.0,0.006216945321584798,0.0,0.0007771181651980999,0.0031084726607923997,0.0,0.0015542363303961994,0.0,0.0,0.0,0.0,9.325417982377196e-05,0.00012433890643169594,0.0002797625394713159,0.0004584997174668788,0.00018650835964754392,0.00029530490277527796,0.0002175930862554679,0.00010102536147575295,0.0004196438092069738,0.00011656772477971496,0.005105666345351515,0.0012900161542288456,0.0013211008808367694,0.0008470588000659287,0.0011967619744050735,0.0004507285358148979,0.005447598338038678,0.0009014604909497226,7.771181651980996e-06,7.771181651980996e-06,7.771181651980996e-06,0.00491138680405199,0.036835401030389923,0.02196482684975141,0.0021626555083622333,0.39045525092213323,0.00588067354676567,0.1708822739843252,0.0002943885250348763,-0.0002957145994719703,0.001791575678382085,'JC'
0.09800841898798156,0.012724336671922474,0.05000790715411195,0.02680899372539724,0.1071597904083184,0.00617700087489459,0.008236001166526122,0.002470800349957836,0.0,0.0008236001166526121,0.0,0.00617700087489459,0.0016472002333052242,0.0,0.0012354001749789183,0.0,0.00041180005832630606,0.0,0.0008236001166526121,0.0,0.0,6.177000874894592e-05,9.471401341505038e-05,0.00014824802099747017,0.0003212040454945187,0.0001811920256635747,0.0002182540309129422,0.00016472002333052242,0.00013177601866441792,0.00034591204899409706,8.647801224852429e-05,0.0040356405715977995,0.0010459721481488173,0.0012971701837278641,0.0007041780997379834,0.0007247681026542987,0.00026355203732883584,0.004743936671919045,0.0006918214624678209,2.882600408284142e-05,4.5298006415893674e-05,5.765200816568284e-05,0.0037226725272698066,0.029781380218158453,0.020836877710162016,0.0016660634762169656,0.44299803074510696,0.004678710672360602,0.15648343312519286,0.00020299733291202253,-0.00021101969220828899,0.0013138800417746056,'SDFI'
0.15793287495258873,0.012955256400939945,0.06102350739391963,0.03219618500124102,0.24409402957567852,0.007799154231989088,0.011698731347983635,0.0,0.0,0.0,0.0,0.005849365673991818,0.0,0.0,0.0019497885579972721,0.0,0.0,0.0,0.0019497885579972721,0.0,0.0,7.799154231989088e-05,3.899577115994545e-05,0.00019497885579972723,0.00046794925391934535,0.0002144767413797,0.0003119661692795635,0.0002144767413797,0.00015598308463978176,0.0003704598260194818,5.849365673991817e-05,0.004796479852673289,0.0013843498761780633,0.0014233456473380088,0.0006629281097190726,0.000994392164578609,0.0003314640548595363,0.005381416420072472,0.0012673727015987287,0.0,0.0,0.0,0.004562505225713617,0.025093778741424894,0.01708304612874757,0.0021050942860920056,0.1847814616414015,0.0052017122078360945,0.2029717137257991,0.00024185840201507885,-0.0003319906927490513,0.0018306367842392032,'BMM'
0.11329540700417741,0.013036999567403026,0.04768699446910968,0.017851657615533787,0.23843497234554842,0.007978549828357457,0.007978549828357457,0.0007978549828357457,0.0,0.00718069484552171,0.0,0.0023935649485072367,0.0,0.0,0.0007978549828357457,0.0,0.00558498487985022,0.0,0.0,0.0,0.0007978549828357457,7.18069484552171e-05,0.00013563534708207673,0.00019148519588057898,0.0003111634433059408,0.00023137794502236622,0.00027924924399251095,0.00012765679725371929,0.00013563534708207673,0.0004148845910745877,9.574259794028946e-05,0.004340331106626456,0.001172846824768546,0.0012127395739103335,0.0006861552852387414,0.000805833532664103,0.00046275589004473244,0.005074357690835343,0.0008297745277775605,3.191419931342982e-05,7.18069484552171e-05,0.00010372114776864692,0.004164803010402592,0.03956562859882463,0.018303434622087212,0.0018546076045473263,0.29570101373858404,0.004954574605265236,0.15282553065733837,0.0002430787277021473,-0.00025938393148787345,0.0015251300383943773,'JC'
0.15373857995928886,0.013797580932542672,0.04905376901268698,0.015645400518248875,0.1308100586767212,0.009918618781789354,0.01983723756357871,0.0,0.0,0.0012398273477236693,0.0,0.004959309390894677,0.0,0.0,0.0,0.0,0.0012398273477236693,0.0,0.0,0.0012398273477236693,0.0,0.00013638100824960362,0.00011158446129513023,0.00012398273477236694,0.00042154129822604753,0.00021077064911302377,0.00019837237563578711,7.438964086342017e-05,0.00019837237563578711,0.0004959309390894678,0.00016117755520407703,0.004599759460054814,0.0011902342538147228,0.0012770221681553794,0.0007686929555886748,0.0010414549720878824,0.00032235511040815405,0.0054924351504158555,0.0011654457657380094,4.959309390894678e-05,6.199136738618346e-05,7.438964086342017e-05,0.004785733562213364,0.031107268154386865,0.02135805888545953,0.0021916984708190428,0.29671548085722854,0.005689902204122334,0.21611508942047572,0.0002517774427080451,-0.00031514055507175,0.0018139365920857315,'SDJME'
0.13587500333254293,0.013271032513160171,0.041112259402361497,0.014265242014361416,0.2877858359414141,0.008972878052602998,0.008972878052602998,0.0,0.0,0.0,0.0,0.0025636794436008563,0.0,0.0,0.0,0.0,0.0051273588872017125,0.0,0.0,0.0,0.0,8.972878052602996e-05,0.00014100236939804708,0.00016663916383405562,0.00035891512210411985,0.00024354954714208134,0.0002179127527060728,5.127358887201713e-05,0.00015382076661605136,0.0004101887109761371,0.00010254717774403426,0.004537712615173515,0.001140837352402381,0.0012946581190184322,0.0006793750525542269,0.0011536557496203853,0.0002691863415780899,0.005729823556447914,0.0010767416489771665,1.2818397218004282e-05,1.2818397218004282e-05,1.2818397218004282e-05,0.004024976726453344,0.03219981381162675,0.01702508805615594,0.001856138142287592,0.21332376650202725,0.004722927815703986,0.1889667405911966,0.00020768879908499257,-0.00027587190483111223,0.0015947964034389763,'BMM'
0.12236270649641197,0.013084193433755168,0.048410846252130775,0.026034626727718033,0.1775064217674933,0.006440142023486022,0.004025088764678765,0.0,0.0008050177529357529,0.0056351242705502715,0.0,0.004830106517614518,0.0,0.0,0.0016100355058715056,0.0,0.0016100355058715056,0.0,0.0008050177529357529,0.0,0.0,8.050177529357528e-05,8.050177529357528e-05,0.00025760568093944095,0.0003864085214091614,0.0002254049708220108,0.00033005727870365865,0.0002254049708220108,5.63512427055027e-05,0.00037835834387980384,0.00010465230788164787,0.004419547463617283,0.0011109244990513388,0.001263877872109132,0.0006681647349366748,0.0009096700608174007,0.0004669102967027366,0.004797905807497088,0.0009257792710713981,2.415053258807259e-05,5.63512427055027e-05,6.440142023486024e-05,0.0065206437987795985,0.032603218993897995,0.020106253005181585,0.001950476708570283,0.330379285804833,0.005227208894853678,0.17106204776568007,0.00024500232299947875,-0.000269106969575634,0.0016444628950935563,'JC'
0.131236955421711,0.01383155113324759,0.044420180920896744,0.03619394683135065,0.12215552455802457,0.00841262522351328,0.010095150268215936,0.0,0.0,0.0033650500894053114,0.0,0.010936412790567262,0.0,0.0,0.001682525044702656,0.0,0.0,0.0,0.0008412625223513282,0.0,0.0,0.00013460200357621248,5.0475751341079685e-05,0.0001598398792467523,0.00041221863595215064,0.00019349038014080544,0.0002271408810348586,0.0002271408810348586,5.8888376564592967e-05,0.0004879322629637703,0.0001261893783526992,0.0047110701251674375,0.001236655907856452,0.0011777675312918592,0.0008749130232453812,0.0009590392754805138,0.00046269438729323035,0.0051317013863431005,0.001043164938831881,2.5237875670539842e-05,3.365050089405312e-05,3.365050089405312e-05,0.004324089364885826,0.03459271491908661,0.021038878425298814,0.0019675471428103482,0.3372789704610944,0.005248687773332537,0.19239265941152534,0.0002291983567857732,-0.00027006100128394424,0.001718544456733398,'SDJME'
0.10518242779486568,0.011976604908237928,0.031814514147288114,0.018591687285583677,0.09544354244186436,0.00829239081389703,0.006983065948544866,0.005237299461408649,0.0,0.00829239081389703,0.000872883243568108,0.004364416217840541,0.0,0.0,0.000436441621784054,0.0,0.0,0.0,0.0,0.0,0.0,0.00011347482166385407,3.055091352488379e-05,0.00014402573518873784,0.00035788212986292436,0.0001265680703173757,0.0001483901514065784,0.00013529690275305677,7.41950757032892e-05,0.0004888146163981406,0.00018330548114930273,0.003705389368946619,0.0008423323300432244,0.0010780108058066136,0.0005673741083192703,0.0008903409084394703,0.00032733121633804057,0.004202932817780441,0.0008510642175702578,4.36441621784054e-06,1.745766487136216e-05,3.055091352488379e-05,0.003753397947342865,0.03002718357874292,0.021811089306958072,0.0016975117556652843,0.45228445265481526,0.004745984034517686,0.17194398571532507,0.00019605874177945458,-0.00021452545968038146,0.0015184934405667663,'BMM'
0.10352399539174913,0.010960444229777877,0.06668965153500382,0.031038618737188477,0.33344825767501907,0.0033666339307892278,0.008416584826973071,0.001683316965394614,0.0,0.000841658482697307,0.0,0.0025249754480919204,0.000841658482697307,0.0,0.0,0.0,0.001683316965394614,0.000841658482697307,0.0,0.0,0.0,0.00013466535723156913,5.049950896183842e-05,0.00021883120550129985,0.0003787463172137881,0.0001683316965394614,0.00022724779032827288,0.00010941560275064992,6.733267861578456e-05,0.0002945804689440575,9.258243309670378e-05,0.0038127129266187997,0.0011278223668143913,0.0008753248220051994,0.0006649102013308727,0.0007574926344275762,0.00038716290204076124,0.004275625092102319,0.0007069999428994477,8.41658482697307e-06,1.683316965394614e-05,4.208292413486535e-05,0.003585465136290528,0.03764738393105054,0.01510882739246602,0.0016091208985158259,0.22050610588186748,0.004217080674699468,0.1353852632498081,0.00020628973661647554,-0.00023176446640981973,0.001224310852763445,'DJE'
0.1530859917121569,0.016012715142512974,0.07334298120720867,0.03298548545559094,0.11001445879135043,0.008584261041005299,0.01287639156150795,0.0,0.0,0.0,0.0,0.00429213052050265,0.0,0.0,0.00429213052050265,0.0,0.0028614203470017675,0.0,0.0014307101735008833,0.0,0.0,0.00011445681388007067,0.0001430710173500883,0.00022891362776014134,0.000600898272870371,0.0003004491364351855,0.000257527831230159,0.00015737811908509715,0.0001287639156150795,0.0004578272555202827,0.0001430710173500883,0.005508234167978401,0.001702545106466051,0.0013305604613558213,0.0008298119006305122,0.0012304107492107595,0.0004149059503152561,0.006552652594634045,0.0010730380668243216,1.4307101735008834e-05,2.8614203470017667e-05,7.153550867504416e-05,0.0026038925157716077,0.05468174283120376,0.020652434982815455,0.0023381132066867994,0.278616499187562,0.00603566661800764,0.19152845471305038,0.0003036138673389694,-0.00034678640525046266,0.001825146381079793,'VE'
0.0876359752160636,0.01113644867362954,0.05476976269847908,0.027678378242495586,0.3833883552734713,0.003810259941099894,0.010160693176266385,0.0,0.0,0.0,0.0,0.0031752166175832448,0.0,0.0,0.0,0.0,0.001270086647033298,0.0,0.0,0.0,0.000635043323516649,8.890606529233086e-05,5.715389911649842e-05,0.0001841625638198282,0.00034927382793415693,0.0001841625638198282,0.00020321386352532765,0.00013335909793849628,5.715389911649842e-05,0.00022226516323082713,7.620519882199787e-05,0.0035371913119877346,0.0007747528546903118,0.001079573649978303,0.00045088075969682077,0.0008700093532178092,0.0003619746944044899,0.00408967900344722,0.0006096366372380596,3.175216617583245e-05,5.715389911649842e-05,6.35043323516649e-05,0.004915235324018863,0.03440664726813204,0.014076414762102687,0.001453795535902806,0.22610082490486771,0.003879611625365835,0.11648670261980867,0.0001943156364762124,-0.00020450655771467817,0.0011397611510512407,'SDFI'
0.042055926564548055,0.006985637570502555,0.03212072088765091,0.012433989035250257,0.3854486506518109,0.002443927770264348,0.005600667806855798,0.0,0.0,0.0,0.0,0.0031567400365914494,0.00010183032376101449,0.00020366064752202898,0.00040732129504405796,0.00010183032376101449,0.00010183032376101449,0.0,0.0,0.0,0.00010183032376101449,7.128122663271017e-05,3.869552302918551e-05,9.979371728579422e-05,0.00020773386047246957,9.979371728579422e-05,9.673880757296378e-05,6.517140720704928e-05,5.091516188050725e-05,0.00011506826584994639,4.5823645692456525e-05,0.0021170524309914915,0.0005661766001112407,0.000576359632487342,0.0003564061331635508,0.0004786025216767681,0.00013950754355258988,0.002468367047966991,0.0003054924070906085,1.2219638851321739e-05,2.0366064752202902e-05,2.0366064752202902e-05,0.0018553484989256841,0.020408833488182527,0.012693645057674906,0.0008199805458427008,0.38312946502815376,0.0024448112705193633,0.07856239444789946,0.00010081036068912705,-9.43630246553603e-05,0.0006738532980673139,'SDFI'
0.06347801038711377,0.00985112095409966,0.0516505306588152,0.03172300710408577,0.09138171151977603,0.003734000954454909,0.004243182902789669,0.0005091819483347603,0.0,0.0008486365805579339,0.0,0.005431274115570776,0.0,0.0,0.00016972731611158677,0.0,0.0008486365805579339,0.0,0.0003394546322231735,0.00016972731611158677,0.0,6.958819960575059e-05,3.055091690008562e-05,0.0001255982139225742,0.0002987200763563927,0.00016124095030600744,0.00011202002863364727,8.995547753914099e-05,6.958819960575059e-05,0.0004124373781511559,0.00010353366282806793,0.003122982616453197,0.000846939307396818,0.0009046465948747575,0.0004463828413734732,0.0007026710887019693,0.0002223427841061787,0.0036661100280102744,0.00040056182940653387,3.394546322231735e-05,3.394546322231735e-05,3.394546322231735e-05,0.0029736225782750004,0.023788980626200003,0.018787778624815298,0.0013000380549960473,0.5560674221374251,0.0038635980797269254,0.11569379696183327,0.000168544927736627,-0.00015210079487876628,0.0009382076596715454,'AJ'
0.15281213869667876,0.015494583713506292,0.04655351584595563,0.024536351811438588,0.0399030248225332,0.011921514941345872,0.007586418599038283,0.0,0.0,0.0043350963423075895,0.0,0.0043350963423075895,0.0,0.0,0.0010837740855768974,0.0,0.0021675481711537947,0.0,0.0010837740855768974,0.0010837740855768974,0.0,0.00010837740855768975,0.00017340385369230357,0.0002059170762596105,0.00040099641166345195,0.0002059170762596105,0.0003034567439615313,0.00015172837198076564,0.00015172837198076564,0.0006394267104903696,0.00014089063112499668,0.005538085577297946,0.0009753966770192076,0.001712363055211498,0.0010729363447211284,0.001257177939269201,0.0005202115610769108,0.006600184181163305,0.0010946239647024248,4.335096342307589e-05,7.586418599038282e-05,0.00014089063112499668,0.007868199861288274,0.041963732593537466,0.023771982422247297,0.0023646301043129653,0.3698053934805489,0.006272450247420401,0.21104182709079033,0.0002923823068454723,-0.0003311725321616235,0.0018786900808798015,'VE'
0.1502658855556883,0.014866662391037037,0.04629530832296621,0.024585416905879447,0.039681704026198396,0.011806605032229255,0.008586621841621277,0.0,0.0,0.0042933109208106385,0.0,0.0042933109208106385,0.0,0.0010733277302026596,0.0010733277302026596,0.0,0.0021466554604053193,0.0,0.0010733277302026596,0.0010733277302026596,0.0,0.00013953260492634574,0.00018246571413445216,0.00018246571413445216,0.0003541981509668776,0.00023613210064458512,0.0003327315963628244,0.00012879932762431914,0.00013953260492634574,0.0006225300835175426,0.00011806605032229256,0.005302238987201138,0.0009767282344844202,0.0015777917633979094,0.0010625944529006328,0.0012450601670350849,0.0004400643693830904,0.006354100162799745,0.0010733208609051861,6.439966381215957e-05,8.586621841621276e-05,0.00013953260492634574,0.0208654910751397,0.0417309821502794,0.023424121918228704,0.0023463766351271473,0.3651460938149447,0.006226445109868594,0.2059018917770792,0.00029355137756337165,-0.0003291009579826409,0.0018630014525076919,'SDEG'
0.12392928740276338,0.015180435035865499,0.07787177699353245,0.04025995369551648,0.06229742159482596,0.006119965282232549,0.014534917545302306,0.0,0.0,0.005354969621953479,0.0,0.0076499566027906874,0.0,0.0,0.002294986980837206,0.0,0.0015299913205581372,0.0007649956602790688,0.0,0.0,0.0,7.649956602790685e-05,0.00013004926224744167,0.0001759490018641858,0.00037484787353674374,0.00019889887167255784,0.00021419878487813926,0.00019124891506976715,0.00020654882827534854,0.0005278470055925574,0.00016064908865860442,0.005033671444636272,0.0011857432734325565,0.0015529411903665096,0.0008644450961153476,0.0009715444885544172,0.00045899739616744124,0.005737467452093015,0.0008338521546651274,3.0599826411162745e-05,3.8249783013953426e-05,4.589973961674413e-05,0.004666473527702319,0.03499855145776739,0.021643314212792104,0.0020751574454015826,0.37798435574388783,0.005624430545836689,0.1740861781442426,0.0002701188201510487,-0.000282718298675845,0.001569895024189614,'SDFI'
0.1253235807041554,0.01483069706519344,0.07430714973076166,0.033608769978691964,0.083595556065304,0.007725426821591435,0.012875711369319061,0.0,0.0,0.00429190378977302,0.0008583807579546041,0.006867046063636833,0.0008583807579546041,0.0,0.0008583807579546041,0.0,0.0017167615159092082,0.0,0.0008583807579546041,0.0,0.0,9.442188337500647e-05,0.0001459247288522827,0.00018884376675001294,0.00041202276381820986,0.00019742757432955895,0.00021459518948865102,0.00018884376675001294,0.00019742757432955895,0.0006094503381477688,6.867046063636833e-05,0.005124533124988988,0.0010472245247046168,0.0015536691718978334,0.0008755483731136962,0.0012103168687159916,0.0004377741865568481,0.006343433801284524,0.0007897224863249988,0.00012017330611364457,0.00017167615159092083,0.00017167615159092083,0.005047278856773072,0.03785459142579804,0.02148851213237423,0.00221282799638645,0.3684513565444343,0.005977315695316361,0.16802131379336432,0.00030929724834305385,-0.00030775782829173807,0.0015902461494034916,'BMM'
0.05901663517336436,0.0088928080659081,0.03794405371494914,0.03392451322329329,0.09646428966410513,0.003576765930662958,0.004918053154661568,0.0,0.0,0.0013412872239986094,0.00014903191377762327,0.005663212723549682,0.0,0.00014903191377762327,0.0007451595688881163,0.0,0.00044709574133286977,0.0,0.00014903191377762327,0.00014903191377762327,0.00014903191377762327,0.00010134170136878382,5.514180809772061e-05,0.0001371093606754134,0.000236960742906421,0.00013114808412430847,0.0001371093606754134,0.00011028361619544122,7.30256377510354e-05,0.00024292201945752594,6.259340378660177e-05,0.0027004582776505334,0.0007436692497503401,0.0007734756325058648,0.0003517153165151909,0.0006080502082127029,0.00022354787066643488,0.0031505346572589556,0.00042623350888270923,1.788382965331479e-05,2.980638275552465e-05,2.980638275552465e-05,0.002652768065241694,0.07560388985938828,0.01760635532980749,0.0011682260005711372,0.5252480769178554,0.003476399494137935,0.10898279501086298,0.00014632668647873183,-0.00013537075436928365,0.000957941076039428,'AJ'
0.13984968210419782,0.013495795436143328,0.1158227368540744,0.056110415965490955,0.09265818948325953,0.0051796181722432505,0.022013377232033816,0.0,0.0,0.0,0.0,0.0051796181722432505,0.0012949045430608128,0.0012949045430608128,0.0,0.0,0.0012949045430608128,0.0,0.0,0.0,0.0012949045430608128,0.0001294904543060813,0.0002848789994733788,0.0002719299540427707,0.0005438599080855413,0.0002330828177509463,0.0002848789994733788,0.00015538854516729752,0.00011654140887547315,0.00031077709033459504,5.1796181722432515e-05,0.004765248718463792,0.0013467007247832453,0.0012431083613383802,0.000517961817224325,0.0011395159978935154,0.000517961817224325,0.005283210535688116,0.0009841288771212152,6.474522715304063e-05,0.00011654140887547315,0.0001812866360285138,0.01301379065776117,0.031233097578626808,0.0198271087014694,0.002297897071603521,0.28109787820764126,0.005988894405539059,0.1700154926834003,0.0003220392636169579,-0.00034015446021256143,0.0018315608971733069,'SDCM'
0.09781607760491853,0.014388918901285304,0.046198295181733726,0.02140722020198545,0.035932002834326716,0.008183815567528037,0.007794110064312415,0.0,0.0,0.00038970550321562077,0.0007794110064312415,0.007794110064312415,0.0,0.0,0.00038970550321562077,0.0,0.00038970550321562077,0.0,0.0,0.00038970550321562077,0.0,0.00017536747644702935,4.2867605353718285e-05,0.00022992624689721622,0.0004754407139230573,0.0002533085770901535,0.00022213213683290383,0.00011691165096468623,6.624993554665555e-05,0.0002533085770901535,8.183815567528032e-05,0.004688157203683918,0.001223675280097049,0.0013639692612546729,0.0006430140803057742,0.0010989695190680505,0.0003585290629583711,0.005366244779279097,0.000740443067136551,3.1176440257249664e-05,7.014699057881173e-05,7.794110064312416e-05,0.004076319563635393,0.03668687607271854,0.022369741158948856,0.0017991244026061173,0.5115781052362418,0.005117513488176964,0.1569391388454732,0.00023226868873594468,-0.00022568543264067352,0.0015428258100425418,'SDJME'
0.10697954323747765,0.014108134679213315,0.08528431699743397,0.0619713052241644,0.0758082744154695,0.003731844856991504,0.02114712085628519,0.001865922428495752,0.0,0.0006219741428319174,0.0,0.00932961214247876,0.0,0.0,0.0006219741428319174,0.0,0.0,0.0,0.0,0.0012439482856638347,0.0,0.0001741527599929369,3.109870714159586e-05,0.0002487896571327669,0.0003669647442708313,0.0002114712085628519,0.00020525146713453273,0.00015549353570797934,9.32961214247876e-05,0.00038562396855578877,6.841715571151092e-05,0.004447115121248208,0.0011319929399540897,0.0012439482856638347,0.0008396650928230885,0.0009764994042461104,0.00025500939856108615,0.004807860124090722,0.0007774617697855398,3.109870714159586e-05,7.463689713983008e-05,0.00011195534570974513,0.004416016414106614,0.03532813131285291,0.0201564874006303,0.0019355399943029288,0.37977741161316875,0.005319202171201769,0.15158367158873598,0.0002664845105092636,-0.00026063328876057233,0.00160464788439392,'SDCM'
0.16209514853785342,0.01843081370458383,0.047758545033750543,0.013269884889048053,0.05837153071977573,0.014264372146999788,0.007780566625636247,0.0,0.0,0.0,0.0,0.0051870444170908315,0.0,0.0,0.0,0.0,0.0,0.0,0.0,0.0012967611042727079,0.0,0.0001945141656409062,6.483805521363539e-05,0.00036309310919635827,0.000635412941093627,0.00042793116440999364,0.0002982550539827228,7.780566625636248e-05,9.077327729908957e-05,0.0003112226650254499,6.483805521363539e-05,0.006198518078423544,0.0013875343815717975,0.001802497934939064,0.0008428947177772602,0.0016987570465972473,0.0004668339975381749,0.0072488945728844375,0.0012059924953135939,5.187044417090833e-05,0.00010374088834181666,0.00012967611042727077,0.005472331860030827,0.04925098674027745,0.02354566548585814,0.002468514178741306,0.3420207412519267,0.006463480606519612,0.21595966673770778,0.00030798283708253495,-0.0003543608495962962,0.0020357074519314683,'SDJME'
0.11520870077261756,0.01463737326578783,0.10147548602561039,0.042772872423192665,0.12177058323073248,0.005009073765147367,0.01753175817801578,0.0,0.0,0.000834845627524561,0.0,0.0033393825100982433,0.001669691255049122,0.0,0.004174228137622805,0.0,0.0,0.0,0.0,0.001669691255049122,0.0,0.00012522684412868414,0.00014192375667917536,0.00025880214453261394,0.0004090743574870349,0.00015862066922966655,0.0002671506008078595,0.0002170598631563859,0.00018366603805540345,0.00040072590121178933,0.00012522684412868414,0.00511760369672556,0.0014860252169937188,0.00129401072266307,0.0006094373080929297,0.0012188746161858593,0.0005092558327899822,0.00561016261696505,0.0007847517174597027,6.678765020196487e-05,0.00010852993157819294,0.00012522684412868414,0.0047753169894404895,0.03581487742080367,0.01948355595935162,0.0020800325742604884,0.32949687227139374,0.005604240389052517,0.15121428047739452,0.0003000331664465459,-0.0002925836719430188,0.0016263774602636417,'SDCM'
0.10612368226800815,0.01423104834644994,0.042711770418767184,0.034925606739358815,0.0498303950083448,0.006729794557510508,0.013977265619444897,0.0,0.0,0.0010353530088477703,0.0,0.004141412035391081,0.0,0.0,0.0,0.0,0.0005176765044238852,0.0,0.0,0.0005176765044238852,0.0005176765044238852,0.00017601001150412097,0.00014494942123868785,0.00024330795707922602,0.0004503785588487802,0.0001604797163714044,0.00026919178230042025,9.835853584053818e-05,0.00023813119203498716,0.0002588382522119426,6.212118053086623e-05,0.004954164147336582,0.001599620398669805,0.0011388883097325476,0.0007092168110607226,0.0010974741893786367,0.0004089644384948693,0.00545631035662775,0.0007402787472850674,5.6944415486627365e-05,7.765147566358277e-05,0.00010353530088477702,0.004576260299107145,0.041186342691964306,0.02231123675007595,0.0019995282937903805,0.46906668065848234,0.005604065480985115,0.15942112072286102,0.000274117991916518,-0.000260366329717701,0.0015961080671225902,'SDCM'
0.06021801831845615,0.009634871934173294,0.050214334650689196,0.019838783808989128,0.05214565855328039,0.003710114605432171,0.006421352201709526,0.0,0.0,0.00042809014678063507,0.0009988770091548152,0.0048516883301805295,0.0005707868623741802,0.00042809014678063507,0.0028539343118709004,0.00014269671559354502,0.0008561802935612701,0.0,0.0005707868623741802,0.0,0.0,7.705622642051431e-05,9.988770091548154e-05,0.0001255731097223196,0.00023973048219715564,0.00012129220825451325,0.00022260687632593025,0.00014555064990541593,8.989893082393337e-05,0.0002069102376106403,5.707868623741801e-05,0.003020889469115348,0.0007577195598017241,0.0008875735709918501,0.0004380789168721832,0.0006992139064083706,0.0002383035150412202,0.003399035765438242,0.00040097731418837156,2.8539343118709005e-05,2.8539343118709005e-05,2.8539343118709005e-05,0.002893889392237093,0.0217041704417782,0.019175446482500542,0.0012636891503551326,0.6106106617620266,0.003801022430574693,0.11408251694570273,0.0001629549116768707,-0.00014489704186931125,0.0009634915342514178,'DJE'
0.04484544928877761,0.007326139661591557,0.028763253045700644,0.01532225100551707,0.09450782842607025,0.003348848187933261,0.006406492185611457,0.0003640052378188328,0.0,0.0007280104756376656,0.00021840314269129968,0.002839240854986896,0.00014560209512753312,7.280104756376656e-05,0.0010920157134564983,0.0,0.0005096073329463659,0.0,0.00029120419025506624,0.0,7.280104756376656e-05,5.0960733294636594e-05,6.115287995356391e-05,7.352905803940422e-05,0.00018345863986069173,9.900942468672252e-05,0.00010920157134564986,7.498507899067956e-05,4.65926704408106e-05,0.00023441937315532834,6.188089042920157e-05,0.002131614672667085,0.0005620240871922778,0.0005933285376446975,0.00035235707020863017,0.00047175078821320727,0.00015215418940827215,0.0025087240990473957,0.00032396168409591587,1.3104188561477981e-05,1.4560209512753312e-05,1.4560209512753312e-05,0.0021068623164954042,0.017908329690210938,0.017058958681627396,0.0009298110118273344,0.6489135934805845,0.00287779484103582,0.09424466025411679,0.00011136874204994708,-0.00010033931782309362,0.00076099866871814,'MJ'
0.09488842591251737,0.011260655274835451,0.03099419627800557,0.020593433788946458,0.1239768023709747,0.008593669248322474,0.007519460592282163,0.0,0.0,0.001790347760067182,0.0007161391040268728,0.003580695520134364,0.0003580695520134364,0.0003580695520134364,0.0003580695520134364,0.0003580695520134364,0.0028645564161074912,0.0,0.0,0.0,0.0,0.00010742086560403092,0.00010742086560403092,0.0001396471252852402,0.0002971977281711522,0.00016471199392618073,0.0001897768625671213,7.519460592282163e-05,0.0001360664297651058,0.0003330046833724958,0.00010384017008389655,0.003691697081258529,0.001063466569479906,0.001034821005318831,0.0006337831070637824,0.0007161391040268728,0.00024348729536913672,0.004425739662886075,0.0007233054364269592,1.790347760067182e-05,4.296834624161236e-05,4.296834624161236e-05,0.0034517904814095265,0.029340219091980976,0.020832280431307592,0.0015587768045473211,0.4573622387867623,0.004402310026275269,0.15886204672810156,0.00017989006093865745,-0.00019364544600707445,0.001315580906179613,'MJ'
0.15619485499481015,0.01747083394863523,0.06296684336420517,0.03354653700353113,0.0457940703370948,0.008889137915688943,0.016508398986279465,0.0,0.0,0.006349384225492102,0.0,0.008889137915688943,0.0012698768450984201,0.0,0.003809630535295261,0.0,0.002539753690196841,0.0,0.0,0.0,0.0,0.00011428891605885784,0.00013968645296082624,0.0002793729059216524,0.0004317581273334629,0.0002793729059216524,0.00025397536901968404,0.00022857783211771568,0.00016508398986279463,0.0005079507380393681,0.00017778275831377885,0.005727144571393876,0.0013968645296082625,0.0018540201938436938,0.0009524076338238152,0.0011428891605885783,0.0003809630535295261,0.006298589151688163,0.0011174873061053367,1.2698768450984206e-05,2.539753690196841e-05,2.539753690196841e-05,0.005358880286315333,0.040191602147365,0.022688614917011882,0.002409245399121648,0.329571137608393,0.0063083399010432535,0.20516178437742508,0.00030620641956005814,-0.0003470142929403494,0.0019170054504221528,'SDFI'
0.10785190109745736,0.012075900321246728,0.049073388990519336,0.039848053571101265,0.04588295473537769,0.004589442834246331,0.011473607085615824,0.0027536657005477983,0.0,0.0032126099839724317,0.001835777133698532,0.005048387117670963,0.0,0.0,0.0013768328502738992,0.0,0.0,0.0,0.000458944283424633,0.0,0.000458944283424633,7.34310853479413e-05,5.048387117670964e-05,0.0001514516135301289,0.0003533870982369674,0.00014227272786163626,0.0001927565990383459,0.0001789882705356069,0.00014686217069588258,0.0004314076264191551,0.00010096774235341928,0.003744985352745006,0.0008995307955122809,0.0010234457520369319,0.0005507331401095598,0.0008536363671698175,0.0004176392979164161,0.004185571864832653,0.000839865285001378,9.178885668492661e-06,1.3768328502738992e-05,1.3768328502738992e-05,0.0039469208374518444,0.027628445862162912,0.022364654621899446,0.0017768248226040714,0.4637631984005917,0.00496775244285039,0.17326469376704728,0.00021060769588643043,-0.00022558626046456016,0.0015367730972702502,'MJ'
0.10218427463642368,0.013345071536294988,0.07481228636650995,0.06056731761547299,0.08312476979538333,0.0027919199270976997,0.01340121565006896,0.0,0.0,0.0011167679708390798,0.0,0.005025455868775859,0.0,0.0005583839854195399,0.0022335359416781595,0.0005583839854195399,0.0005583839854195399,0.00167515195625862,0.00167515195625862,0.0,0.0,8.93414376671264e-05,0.00015076367606327578,0.0002010182347510344,0.00043553950862724116,0.00023452127387620672,0.00032944655139752855,0.00011726063693810336,0.00013959599635488497,0.00024010511373040214,7.258991810454018e-05,0.004288389008022067,0.001049761892588735,0.00118935788894362,0.000725899181045402,0.0010888487715681027,0.00023452127387620672,0.005142716505713962,0.0006868111852980634,5.5838398541954e-05,7.258991810454018e-05,8.93414376671264e-05,0.004299556687730457,0.0451453452211698,0.02004999371519281,0.001881206535366146,0.3934094369273369,0.005207859535796955,0.14778975841431438,0.00025928476605358524,-0.00025029869257622855,0.0014449305182621362,'SDEG'
0.09142684407367922,0.011210512907085702,0.05659965647107937,0.026898301498129842,0.20753206271763283,0.0037064934115280104,0.004118326012808902,0.0,0.00041183260128089015,0.0,0.00041183260128089015,0.005353823816651572,0.00041183260128089015,0.0,0.0028828282089662306,0.0,0.0,0.00041183260128089015,0.0008236652025617803,0.0,0.0,9.883982430741361e-05,4.5301586140897915e-05,0.00015649638848673822,0.00030887445096066757,0.00018532467057640056,0.00020591630064044507,0.00014825973646112045,9.883982430741361e-05,0.0003006377989350498,0.00014002308443550264,0.0038012149098226155,0.0010625281113046964,0.0010295815032022252,0.0006177489019213351,0.0007866002684465001,0.00030475612494785864,0.004542513592128218,0.0006712808802323114,8.236652025617802e-06,2.0591630064044507e-05,3.294660810247121e-05,0.0016514487311363694,0.03468042335386375,0.01830820835068746,0.0014885333138097664,0.36662161831227397,0.0041359047167452345,0.14476759767668332,0.00017639123897267558,-0.00019097353126860977,0.0012125432018622565,'BMM'
0.05323860532345775,0.010174426528130819,0.04287792756337895,0.017670753698952227,0.05659886182262574,0.0035420845583904776,0.005044787098313711,0.00021467179141760473,0.0,0.00032200768712640706,0.0,0.00676216142965455,0.0,0.0,0.00042934358283520946,0.0,0.0,0.0,0.0,0.0,0.0,0.00010518917779462631,2.898069184137663e-05,0.00012021620319385865,0.00031771425129805504,0.00012880307485056285,9.982238300918618e-05,9.338222926665805e-05,5.259458889731316e-05,0.00023184553473101302,8.694207552412991e-05,0.003052632873958339,0.0007771118849317291,0.000816826166343986,0.0005817605547417088,0.0006901698094075991,0.0001867644585333161,0.0035485247121330066,0.00037675378111884486,1.717374331340838e-05,2.1467179141760477e-05,2.1467179141760477e-05,0.0025610344716120244,0.02432982748031423,0.01838852202513857,0.0011218739554620053,0.635136548959782,0.0034192371230492135,0.10563874076608208,0.00014098494766224195,-0.00012528580635126022,0.0009061708270904827,'VE'
0.0507515774793318,0.009817493972423999,0.04037331361195348,0.0138174881719766,0.060559976613324254,0.0035068268077010616,0.005747299490398963,0.00019482371153894788,0.0,0.0002922355673084218,0.0,0.005649887634629488,9.741185576947394e-05,0.0,0.00048705927884736965,0.0,9.741185576947394e-05,0.0,0.0,0.0,0.0,0.00010715304134642133,3.604238663470536e-05,0.00013248012384648456,0.00028639085596225336,0.00012079070115414771,0.00011494598980797925,7.500712894249494e-05,5.7472994903989625e-05,0.00019677194865433737,7.695536605788441e-05,0.00297203571952665,0.0007715018976942336,0.0007646830677903704,0.0005844711346168436,0.0006672712120208965,0.00018410840740430573,0.0034698103025086616,0.00036334746889189165,1.948237115389479e-05,1.948237115389479e-05,1.948237115389479e-05,0.002478157610775417,0.02354249730236646,0.018100599487772238,0.0010843550349589454,0.6455600576069962,0.003321933104880285,0.1023363115474063,0.00013634823174486346,-0.0001201534717584461,0.0008870936891412223,'SDEG'
0.059256489823080696,0.009977854915829233,0.05207538334401929,0.035818915794762755,0.12150923672627843,0.003158341036552187,0.007369462418621769,0.0,0.0,0.0003007943844335416,0.0,0.007219065226404999,0.00045119157665031244,0.0,0.0019551634988180205,0.0,0.0,0.0,0.0,0.0,0.0,7.519859610838541e-05,4.060724189852812e-05,0.0001549091079832739,0.0002887626090562,0.00013234952915075832,0.0001549091079832739,0.00013836541683942915,4.060724189852812e-05,0.00020002826564830518,6.767873649754687e-05,0.0029673366024368882,0.0007083707753409906,0.0008422242764139165,0.0004887908747045051,0.0007113787191853259,0.00021657195679214994,0.0033794249091108402,0.00044668251843046143,1.353574729950937e-05,2.707149459901875e-05,3.007943844335416e-05,0.0026770700214585204,0.026770700214585205,0.017677911418550376,0.0011779241947918564,0.5273827942273285,0.0035052751739971435,0.10929780859409559,0.00014812228428729993,-0.0001366108831950283,0.0010090010764378238,'BMM'
0.17857659495645922,0.018281227878018048,0.07549560024306623,0.04514624206199185,0.07549560024306623,0.009398767537263146,0.025846610727473657,0.0,0.0,0.0,0.0,0.018797535074526292,0.0,0.0,0.0023496918843157865,0.0,0.0,0.0,0.0023496918843157865,0.0,0.0,7.049075652947361e-05,4.6993837686315735e-05,0.0004229445391768416,0.000704907565294736,0.000352453782647368,0.00016447843190210506,0.00025846610727473657,2.3496918843157868e-05,0.0007519014029810518,0.0003054599449610523,0.006508646519554729,0.001409815130589472,0.0016212874001778927,0.0011983428610010513,0.0018797535074526292,0.0003994476203336837,0.006790609545672624,0.0013393173249843454,7.049075652947361e-05,0.00011748459421578933,0.00018797535074526294,0.006344168087652625,0.050753344701221,0.02074872861402966,0.002800537839772936,0.24107838733079973,0.007020266080753765,0.19165693727790054,0.000408088612238255,-0.00044815203371178136,0.002379063032869734,'SDEG'
0.17857659495645922,0.018281227878018048,0.07549560024306623,0.04514624206199185,0.07549560024306623,0.009398767537263146,0.025846610727473657,0.0,0.0,0.0,0.0,0.018797535074526292,0.0,0.0,0.0023496918843157865,0.0,0.0,0.0,0.0023496918843157865,0.0,0.0,7.049075652947361e-05,4.6993837686315735e-05,0.0004229445391768416,0.000704907565294736,0.000352453782647368,0.00016447843190210506,0.00025846610727473657,2.3496918843157868e-05,0.0007519014029810518,0.0003054599449610523,0.006508646519554729,0.001409815130589472,0.0016212874001778927,0.0011983428610010513,0.0018797535074526292,0.0003994476203336837,0.006790609545672624,0.0013393173249843454,7.049075652947361e-05,0.00011748459421578933,0.00018797535074526294,0.006344168087652625,0.050753344701221,0.02074872861402966,0.002800537839772936,0.24107838733079973,0.007020266080753765,0.19165693727790054,0.000408088612238255,-0.00044815203371178136,0.002379063032869734,'SDFI'
0.09610090295833155,0.012962925662508246,0.0532284689888228,0.020709058554076266,0.07097129198509707,0.0062000582678763475,0.010075094685299065,0.0,0.0,0.0011625109252268151,0.0,0.00852508011832998,0.0,0.0,0.00038750364174227166,0.0,0.0,0.0,0.0,0.00038750364174227166,0.0,6.587561909618618e-05,5.8125546261340764e-05,0.0001860017480362904,0.0004223789694990762,0.00022862714862794032,0.0001976268572885586,0.0001278762017749497,5.425050984391804e-05,0.0003952537145771172,0.00011237605610525881,0.004072663274711277,0.0012090113622358876,0.0009842592500253701,0.0006045056811179438,0.0009261337037640292,0.0003487532775680446,0.004750794647760251,0.0007207614236843262,1.5500145669690866e-05,3.487532775680445e-05,3.875036417422718e-05,0.00383628605324849,0.040281003559109144,0.021381099144884334,0.0017044810748885705,0.47569947060281276,0.0048250504206127556,0.1541409570037202,0.00021396885461993454,-0.0002142757575041944,0.0014386072699681838,'MJ'
0.05326097482375583,0.015080399578275654,0.07714045663762747,0.08033063236299474,0.02103829664572874,0.005182149848563622,0.0074853275590363415,0.00230317771047272,0.0,0.004030560993327261,0.0,0.011515888552363603,0.00057579442761818,0.0,0.00057579442761818,0.0,0.00057579442761818,0.0,0.0,0.0,0.0,0.0001784962725616358,5.757944276181801e-05,0.00023031777104727205,0.00044336170926599877,0.0001497065511807268,0.00018425421683781763,0.00015546449545690864,7.19743034522725e-05,0.00043760376498981683,5.757944276181801e-05,0.00469848252936435,0.001160225771650633,0.0012926584900028138,0.0008752075299796337,0.001039308941850815,0.00033108179588045355,0.005328977427606257,2.302820717927597e-05,5.757944276181801e-05,5.757944276181801e-05,5.757944276181801e-05,0.004272394652926896,0.18584916740232,0.014508112314516097,0.0016872540963338899,0.3951965053957379,0.004945339534709412,0.09692439957523015,0.00031713985508676347,-0.00022402301362622182,9.23691723962795e-05,'AJ'
0.033190031009510276,0.011897444913471127,0.05024529721146633,0.04882056993719513,0.016293864873317937,0.005231503551204562,0.007804374150157627,8.576235329843544e-05,0.0,0.001372197652774967,0.0,0.004545404724817079,0.0,0.0,0.0005145741197906127,0.0,0.0007718611796859189,0.00017152470659687088,0.00025728705989530636,0.00034304941319374176,0.0,0.00010548769455707559,7.289800030367014e-05,0.0001277859064146688,0.00038850346044191263,0.0001560874830031525,0.00011063343575498174,9.433858862827898e-05,0.00010720294162304432,0.0004030830605026466,5.746077670995176e-05,0.003786407898125925,0.0010848937692252082,0.0009819789452670858,0.0005677467788356426,0.0008456168035225734,0.00030617160127541454,0.004311273500312349,3.687908977739139e-05,1.7152470659687088e-05,1.7152470659687088e-05,1.7152470659687088e-05,0.0034322093790033863,0.029173779721528785,0.014846742432848737,0.0013451858219127972,0.6641325148371553,0.004269702789574003,0.08707111909929559,0.00024092393735914274,-0.00015649158663565938,0.0001906763920505331,'AJ'
0.16020349404499065,0.015727302598957566,0.0778131204914541,0.04219696585882868,0.024572553444582628,0.007628737303083735,0.022886211909251213,0.0,0.0,0.0025429124343612454,0.0,0.0025429124343612454,0.0,0.0012714562171806222,0.0,0.0,0.0025429124343612454,0.0,0.0,0.0,0.0,0.00013986018388986848,0.0001017164973744498,0.00022886211909251206,0.0005212970490440553,0.0002924349299515431,0.0002924349299515431,0.0001017164973744498,0.0002542912434361245,0.0003432931786387681,0.00011443105954625603,0.005429118047361258,0.0013986018388986846,0.0013731727145550724,0.0008264465411674044,0.0013986018388986846,0.00043229511384141163,0.00616656265332602,0.0012206025457357794,1.2714562171806225e-05,2.542912434361245e-05,3.814368651541867e-05,0.00518754136609694,0.03371901887963011,0.022881622460889674,0.0023587750591642785,0.3268151060641072,0.006156262840801882,0.21964496272611927,0.00028186506012687723,-0.00033804613312170707,0.0019761938834146294,'SDLLR'
0.06276838964169966,0.014651627745524143,0.06608666988268569,0.05110442725726164,0.024902233024128192,0.006554129696937484,0.015124914685240349,0.0015124914685240348,0.0,0.0010083276456826897,0.0,0.0070582935197788296,0.0,0.0,0.0002520819114206724,0.0010083276456826897,0.0007562457342620175,0.0,0.0,0.0,0.0010083276456826897,8.06662116546152e-05,7.814539254040848e-05,0.00022687372027860525,0.00039828942004466243,0.00021931126293598503,0.00023947781584963883,0.0001638532424234371,0.0001537699659666102,0.00039324778181624905,5.545802051254794e-05,0.004577807511399413,0.0012049515365908144,0.001328471673186944,0.000640288055008508,0.0010688273044236513,0.0003352689421894944,0.005250866214892609,0.00010838891986310364,5.041638228413449e-05,5.041638228413449e-05,5.041638228413449e-05,0.004411433449861768,0.03308575087396326,0.0185671499041197,0.0017965121581217064,0.5492234645077901,0.005338540303684718,0.11619495135263402,0.00030390365036097716,-0.00022568893529492808,0.0003809052212283144,'SDLLR'
0.21947894921256156,0.018613411321611963,0.08058480320196089,0.02458819539018311,0.021977689681761337,0.009827416223094769,0.01637902703849128,0.0,0.0,0.0,0.0,0.009827416223094769,0.0,0.0,0.0,0.0,0.0,0.0,0.0,0.0,0.0,0.00019654832446189542,0.0,0.0002948224866928431,0.0007861932978475816,0.0004258547030007734,0.0002620644326158605,0.00013103221630793028,0.00013103221630793028,0.0004586127570777559,0.00019654832446189542,0.006649884977627461,0.0019654832446189536,0.001736176866080076,0.0011137738386174073,0.0014741124334642153,0.0003603385948468082,0.007730900762167885,0.0018671992549717832,0.0,0.0,0.0,0.005896449733856861,0.04422337300392646,0.020821602264692686,0.0027548802801552644,0.19753106608420487,0.006627137784876404,0.2918294488079374,0.0002963260813749766,-0.00045402662950697834,0.0025082023055393626,'SDLLR'
