DiversidadeLexica,TamanhoMedioDasPalavras,TamanhoMedioSentencas,StdevSentencas,TamanhoMedioParagrafos,StdevTamParagrafos,FrequenciaDeParagrafos,FrequenciaPalavrasDuplicadas,MediaSilabasPorPalavra,Ponto,Virgulas,Exclamacoes,DoisPontos,FreqCitacoes,FreqVogais,FreqAdjetivos,FreqAdv,FreqArt,FreqSubs,FreqPrep,FreqVerb,FreqVerbosPtcp,FreqConj,FreqPronomes,PronomesPorPreposicao,FreqTermosNaoTageados,FreqPalavrasDeConteudo,FreqPalavrasFuncionais,FrequenciaFrasesNominais,FreqTotalEntidadesNomeadas,FreqEAbstracao,FreqEAcontecimento,FreqECoisa,FreqELocal,FreqEOrganizacao,FreqEObra,FreqEOutro,FreqEPessoa,FreqETempo,FreqEValor,GuiraudR,HerdanC,HerdanV,MedidaK,DugastU,MaasA,HonoresH,FreqPalavrasErradas,FrequenciaDeHapaxLegomenaLocal,FreqPalavrasComunsTam2,FreqPalavrasComunsTam3,FreqPalavrasComunsTam4,FrequenciaStopWords,BRFleshIndex,FreqOperadoresLogicos,Author
54.44015444,6.21276596,29.375,8.98523094,39.16666667,9.24511883,0.023166023166023165,0.0965251,2.2895752895752897,3.088803088803089,4.633204633204633,0.0,0.0,0.0,(0.0,),0.07335907335907337,0.019305019305019305,0.07335907335907337,0.19305019305019305,0.12355212355212356,0.03861003861003861,0.09652509652509653,0.0694980694980695,0.08494208494208494,0.6875,0.09266409266409266,0.42084942084942084,0.26640926640926643,0.02702703,0.06563707,0.11764705882352941,0.058823529411764705,0.0,0.11764705882352941,0.058823529411764705,0.058823529411764705,0.11764705882352941,0.0,0.23529411764705882,0.23529411764705882,8.7613137,0.89057279,141.0,2.37745083,73.26156401,0.11683203,0.71631206,0.08108108108108109,0.38996139,0.03088803088803089,0.04633204633204633,0.05791505791505792,0.37065637,442.50171814671813,0.05019305019305019,'annbialea'
44.30379747,6.41714286,29.66666667,14.55067772,44.5,24.19710727,0.020253164556962026,0.1164557,2.248101265822785,2.7848101265822787,5.3164556962025316,0.25316455696202533,0.0,0.0,(0.0,),0.020253164556962026,0.0379746835443038,0.11645569620253164,0.189873417721519,0.09113924050632911,0.02278481012658228,0.14430379746835442,0.06582278481012659,0.10379746835443038,1.1388888888888888,0.07848101265822785,0.4177215189873418,0.27341772151898736,0.00253165,0.07088608,0.03571428571428571,0.0,0.03571428571428571,0.10714285714285714,0.07142857142857142,0.0,0.10714285714285714,0.07142857142857142,0.21428571428571427,0.35714285714285715,8.80520559,0.86383754,175.0,2.39693367,63.34865625,0.12564097,0.58857143,0.0379746835443038,0.26075949,0.0379746835443038,0.05063291139240506,0.05063291139240506,0.40506329,438.99353164556965,0.06329113924050633,'pdje'
52.64797508,6.53846154,32.44444444,16.80681813,97.33333333,9.80929265,0.009345794392523364,0.09345794,2.367601246105919,2.803738317757009,4.984423676012461,0.0,0.0,0.0,(0.0,),0.04672897196261682,0.024922118380062305,0.08099688473520249,0.1838006230529595,0.14953271028037382,0.028037383177570093,0.1059190031152648,0.04361370716510903,0.09034267912772585,0.6041666666666667,0.0778816199376947,0.4174454828660436,0.27414330218068533,0.00623053,0.07788162,0.12,0.04,0.0,0.2,0.16,0.04,0.2,0.0,0.12,0.12,9.43266017,0.8888419,169.0,2.42040891,74.90619004,0.11554234,0.69230769,0.06853582554517133,0.36448598,0.012461059190031152,0.024922118380062305,0.03426791277258567,0.36448598,449.10560747663544,0.03115264797507788,'fadj'
80.70175439,5.0,25.0,6.0,50.0,0.0,0.017543859649122806,0.07017544,2.175438596491228,3.508771929824561,8.771929824561404,0.0,0.0,0.0,(0.0,),0.14035087719298245,0.017543859649122806,0.03508771929824561,0.19298245614035087,0.03508771929824561,0.0,0.14035087719298245,0.07017543859649122,0.10526315789473684,3.0,0.08771929824561403,0.543859649122807,0.14035087719298245,0.03508772,0.0877193,0.0,0.2,0.0,0.2,0.0,0.2,0.0,0.0,0.4,0.0,6.09284884,0.9469683,46.0,2.17103151,109.98874827,0.09535114,0.84782609,0.07017543859649122,0.68421053,0.0,0.0,0.0,0.36842105,432.84149122807014,0.05263157894736842,'sdjme'
50.3164557,6.52830189,19.5,7.68811699,39.0,15.92841127,0.022151898734177215,0.07278481,2.2563291139240507,4.430379746835443,6.329113924050633,0.0,2.2151898734177213,0.006329113924050633,(0.006329113924050633,),0.05063291139240506,0.03164556962025317,0.11392405063291139,0.21518987341772153,0.07911392405063292,0.022151898734177215,0.10759493670886076,0.06645569620253164,0.07278481012658228,0.9199999999999999,0.060126582278481014,0.44936708860759494,0.25949367088607594,0.01265823,0.07911392,0.08,0.08,0.0,0.12,0.24,0.16,0.08,0.04,0.04,0.16,8.94444881,0.88066908,159.0,2.39470782,69.58616238,0.11987774,0.72955975,0.04746835443037975,0.36708861,0.0031645569620253164,0.0031645569620253164,0.0031645569620253164,0.40189873,439.6754746835443,0.06329113924050633,'jc'
52.65486726,6.83613445,26.86666667,14.40308609,80.6,74.81604106,0.011061946902654867,0.09070796,2.329646017699115,3.3185840707964602,4.424778761061947,0.0,0.4424778761061947,0.0,(0.0,),0.046460176991150445,0.033185840707964605,0.07964601769911504,0.21902654867256638,0.10619469026548672,0.022123893805309734,0.11061946902654868,0.0752212389380531,0.08849557522123894,0.8333333333333334,0.06415929203539823,0.45353982300884954,0.2610619469026549,0.00442478,0.0619469,0.07142857142857142,0.10714285714285714,0.03571428571428571,0.17857142857142858,0.10714285714285714,0.0,0.0,0.03571428571428571,0.25,0.21428571428571427,11.19457833,0.89508589,238.0,2.51362641,84.07047648,0.1090632,0.70588235,0.046460176991150445,0.37168142,0.015486725663716814,0.024336283185840708,0.030973451327433628,0.35840708,445.8871238938053,0.05088495575221239,'sdfi'
69.23076923,5.67901235,26.75,14.11338018,107.0,0.0,0.008547008547008548,0.04273504,2.1965811965811968,3.4188034188034186,5.128205128205129,0.0,0.0,0.0,(0.0,),0.05128205128205128,0.017094017094017096,0.08547008547008547,0.2222222222222222,0.09401709401709402,0.017094017094017096,0.1452991452991453,0.07692307692307693,0.07692307692307693,0.8181818181818182,0.042735042735042736,0.5213675213675214,0.2564102564102564,0.01709402,0.05128205,0.0,0.0,0.16666666666666666,0.3333333333333333,0.3333333333333333,0.0,0.0,0.16666666666666666,0.0,0.0,7.48845265,0.92278216,81.0,2.28020442,88.97380203,0.10601539,0.80246914,0.02564102564102564,0.55555556,0.0,0.0,0.0,0.39316239,434.63106837606836,0.05128205128205128,'bmm'
57.70308123,6.43203883,17.77777778,8.93529553,320.0,0.0,0.0028011204481792717,0.06442577,2.327731092436975,5.042016806722689,3.081232492997199,0.0,0.2801120448179272,0.0056022408963585435,(0.0056022408963585435,),0.06722689075630252,0.047619047619047616,0.05322128851540616,0.21008403361344538,0.11204481792717087,0.025210084033613446,0.1092436974789916,0.047619047619047616,0.0896358543417367,0.7999999999999999,0.08403361344537816,0.48179271708683474,0.21288515406162464,0.01120448,0.10364146,0.02702702702702703,0.10810810810810811,0.05405405405405406,0.05405405405405406,0.08108108108108109,0.10810810810810811,0.10810810810810811,0.02702702702702703,0.1891891891891892,0.24324324324324326,10.90267615,0.90645044,206.0,2.49235847,90.64478769,0.10503368,0.78640777,0.08123249299719888,0.45378151,0.008403361344537815,0.014005602240896359,0.01680672268907563,0.36694678,445.70987394957984,0.03081232492997199,'gnem'
54.40613027,6.26056338,22.9,8.57263087,114.5,14.5,0.007662835249042145,0.07279693,2.1800766283524906,3.8314176245210727,3.8314176245210727,0.0,3.4482758620689653,0.0,(0.0,),0.04597701149425287,0.06896551724137931,0.09195402298850575,0.15708812260536398,0.11877394636015326,0.034482758620689655,0.12643678160919541,0.034482758620689655,0.08812260536398467,0.7419354838709676,0.07279693486590039,0.4329501915708812,0.24521072796934865,0.00383142,0.08045977,0.0,0.0,0.0,0.09523809523809523,0.0,0.0,0.0,0.0,0.19047619047619047,0.7142857142857143,8.78957934,0.89061171,142.0,2.37926478,73.38908297,0.11673048,0.73239437,0.04597701149425287,0.39846743,0.01532567049808429,0.034482758620689655,0.04980842911877394,0.3908046,433.2305938697318,0.0421455938697318,'jc'
63.73056995,5.80487805,20.5,6.53834842,54.66666667,10.53037933,0.015544041450777202,0.08290155,2.1709844559585494,4.1450777202072535,8.290155440414507,0.0,0.5181347150259067,0.0,(0.0,),0.06735751295336788,0.031088082901554404,0.05181347150259067,0.20207253886010362,0.09844559585492228,0.02072538860103627,0.06217616580310881,0.05181347150259067,0.06735751295336788,0.6842105263157895,0.07253886010362694,0.47150259067357514,0.20207253886010362,0.00518135,0.10880829,0.047619047619047616,0.14285714285714285,0.047619047619047616,0.09523809523809523,0.047619047619047616,0.0,0.047619047619047616,0.0,0.2857142857142857,0.2857142857142857,8.85373373,0.91439628,123.0,2.37386078,88.69307828,0.10618304,0.74796748,0.05699481865284974,0.47668394,0.02072538860103627,0.025906735751295335,0.031088082901554404,0.31606218,432.4582124352331,0.02072538860103627,'sdjme'
67.51592357,6.59433962,20.42857143,7.08836356,143.0,0.0,0.006369426751592357,0.05095541,2.3503184713375798,4.45859872611465,4.45859872611465,0.0,0.0,0.0,(0.0,),0.05732484076433121,0.050955414012738856,0.08280254777070063,0.2356687898089172,0.12738853503184713,0.03184713375796178,0.12101910828025478,0.025477707006369428,0.08280254777070063,0.65,0.044585987261146494,0.5159235668789809,0.2356687898089172,0.01910828,0.03821656,0.0,0.16666666666666666,0.0,0.16666666666666666,0.0,0.0,0.16666666666666666,0.0,0.0,0.5,8.45972098,0.92231258,106.0,2.34681285,93.89706059,0.10319865,0.79245283,0.050955414012738856,0.53503185,0.006369426751592357,0.006369426751592357,0.006369426751592357,0.35031847,447.6266878980892,0.012738853503184714,'bmm'
56.2962963,6.01973684,22.27272727,11.97794116,81.66666667,61.0482505,0.011111111111111112,0.06296296,2.185185185185185,2.962962962962963,1.8518518518518519,0.37037037037037035,2.5925925925925926,0.0,(0.0,),0.040740740740740744,0.037037037037037035,0.11851851851851852,0.2074074074074074,0.10740740740740741,0.037037037037037035,0.12962962962962962,0.044444444444444446,0.08888888888888889,0.8275862068965517,0.04814814814814815,0.45925925925925926,0.27037037037037037,0.01481481,0.08148148,0.18181818181818182,0.0,0.09090909090909091,0.09090909090909091,0.0,0.09090909090909091,0.045454545454545456,0.0,0.18181818181818182,0.3181818181818182,9.25042542,0.8973744,152.0,2.40492393,78.70175899,0.11272177,0.75657895,0.04814814814814815,0.42592593,0.011111111111111112,0.025925925925925925,0.02962962962962963,0.43703704,433.6678333333333,0.05555555555555555,'jc'
57.00636943,6.08379888,18.66666667,18.66071334,23.33333333,16.77465019,0.03821656050955414,0.06369427,2.2961783439490446,3.1847133757961785,4.45859872611465,0.0,0.9554140127388535,0.006369426751592357,(0.006369426751592357,),0.041401273885350316,0.028662420382165606,0.09872611464968153,0.2070063694267516,0.11464968152866242,0.022292993630573247,0.07961783439490445,0.041401273885350316,0.041401273885350316,0.3611111111111111,0.06369426751592357,0.49044585987261147,0.25477707006369427,0.01592357,0.09235669,0.13793103448275862,0.13793103448275862,0.0,0.20689655172413793,0.0,0.06896551724137931,0.13793103448275862,0.0,0.1724137931034483,0.13793103448275862,10.1015544,0.9022493,179.0,2.45196074,84.85484892,0.10855796,0.76536313,0.05732484076433121,0.43630573,0.009554140127388535,0.01910828025477707,0.022292993630573247,0.37261146,443.0464331210191,0.028662420382165606,'td'
60.70038911,6.3974359,17.38461538,15.27964187,56.5,57.51738868,0.01556420233463035,0.06225681,2.377431906614786,3.8910505836575875,4.669260700389105,0.0,1.556420233463035,0.0,(0.0,),0.07003891050583658,0.023346303501945526,0.07392996108949416,0.20622568093385213,0.10116731517509728,0.019455252918287938,0.09727626459143969,0.06614785992217899,0.0622568093385214,0.6153846153846154,0.09727626459143969,0.45525291828793774,0.24124513618677043,0.0077821,0.10505837,0.07407407407407407,0.0,0.07407407407407407,0.14814814814814814,0.0,0.1111111111111111,0.07407407407407407,0.0,0.25925925925925924,0.25925925925925924,9.73101264,0.91003546,156.0,2.4276469,88.9864445,0.10600786,0.79487179,0.054474708171206226,0.48249027,0.011673151750972763,0.01556420233463035,0.01556420233463035,0.36575875,449.9064980544747,0.07003891050583658,'sdjme'
56.04651163,6.38174274,16.95238095,9.90659324,59.33333333,45.88633299,0.013953488372093023,0.05581395,2.202325581395349,4.4186046511627906,3.7209302325581395,0.0,4.4186046511627906,0.013953488372093023,(0.013953488372093023,),0.044186046511627906,0.020930232558139535,0.07674418604651163,0.2302325581395349,0.07906976744186046,0.011627906976744186,0.07209302325581396,0.044186046511627906,0.06744186046511629,0.8529411764705883,0.10697674418604651,0.4418604651162791,0.2,0.01395349,0.0627907,0.037037037037037035,0.1111111111111111,0.0,0.1111111111111111,0.07407407407407407,0.037037037037037035,0.1111111111111111,0.037037037037037035,0.14814814814814814,0.3333333333333333,11.62205201,0.90451702,241.0,2.52889972,91.62044324,0.10447294,0.80912863,0.09767441860465116,0.45348837,0.002325581395348837,0.009302325581395349,0.01627906976744186,0.31395349,435.0950930232558,0.04186046511627907,'bmm'
57.74647887,6.11382114,37.2,17.31357849,186.0,0.0,0.004694835680751174,0.09859155,2.267605633802817,1.8779342723004695,4.694835680751174,0.0,0.4694835680751174,0.018779342723004695,(0.018779342723004695,),0.056338028169014086,0.014084507042253521,0.12206572769953052,0.22065727699530516,0.10328638497652583,0.009389671361502348,0.1267605633802817,0.06103286384976526,0.046948356807511735,0.4545454545454545,0.07981220657276995,0.4647887323943662,0.2863849765258216,0.00469484,0.0657277,0.21428571428571427,0.14285714285714285,0.07142857142857142,0.07142857142857142,0.0,0.07142857142857142,0.07142857142857142,0.07142857142857142,0.14285714285714285,0.14285714285714285,8.42782113,0.8975792,123.0,2.35232055,75.51893692,0.11507264,0.68292683,0.051643192488262914,0.3943662,0.004694835680751174,0.009389671361502348,0.023474178403755867,0.39906103,440.6506103286385,0.03286384976525822,'pdje'
58.79120879,6.14953271,28.16666667,12.66776311,42.25,5.06828373,0.02197802197802198,0.0989011,2.2362637362637363,3.2967032967032965,4.945054945054945,0.0,0.0,0.0,(0.0,),0.06043956043956044,0.04395604395604396,0.08791208791208792,0.22527472527472528,0.13736263736263737,0.005494505494505495,0.10989010989010989,0.054945054945054944,0.054945054945054944,0.39999999999999997,0.03296703296703297,0.5274725274725275,0.2802197802197802,0.02747253,0.0989011,0.05555555555555555,0.16666666666666666,0.05555555555555555,0.1111111111111111,0.05555555555555555,0.16666666666666666,0.05555555555555555,0.1111111111111111,0.1111111111111111,0.1111111111111111,7.93136769,0.89792906,107.0,2.3179384,73.55467349,0.11659901,0.70093458,0.054945054945054944,0.41208791,0.005494505494505495,0.01098901098901099,0.027472527472527472,0.41208791,437.98945054945057,0.04945054945054945,'ve'
53.48837209,6.79710145,33.42857143,16.89342343,234.0,0.0,0.003875968992248062,0.07751938,2.25968992248062,2.3255813953488373,6.2015503875969,0.0,0.0,0.0,(0.0,),0.05813953488372093,0.027131782945736434,0.1124031007751938,0.22093023255813954,0.14728682170542637,0.023255813953488372,0.11627906976744186,0.04263565891472868,0.08527131782945736,0.5789473684210525,0.03875968992248062,0.45348837209302323,0.3023255813953488,0.01550388,0.08914729,0.13043478260869565,0.0,0.0,0.043478260869565216,0.043478260869565216,0.08695652173913043,0.08695652173913043,0.13043478260869565,0.17391304347826086,0.30434782608695654,8.59150473,0.88732029,138.0,2.36791118,71.09733373,0.1185969,0.69565217,0.046511627906976744,0.37209302,0.01937984496124031,0.03488372093023256,0.03875968992248062,0.40310078,439.9811627906977,0.027131782945736434,'sdfi'
50.16286645,6.48051948,41.14285714,36.69732793,96.0,40.79215611,0.009771986970684038,0.10749186,2.231270358306189,2.2801302931596092,4.88599348534202,0.0,0.0,0.0,(0.0,),0.03908794788273615,0.05211726384364821,0.13680781758957655,0.19543973941368079,0.10423452768729642,0.009771986970684038,0.14332247557003258,0.06188925081433225,0.0749185667752443,0.71875,0.06840390879478828,0.46905537459283386,0.30293159609120524,0.01302932,0.08469055,0.07692307692307693,0.038461538461538464,0.0,0.11538461538461539,0.038461538461538464,0.038461538461538464,0.038461538461538464,0.11538461538461539,0.3076923076923077,0.23076923076923078,8.78924424,0.87953318,154.0,2.38528421,68.5839864,0.12075042,0.66233766,0.04234527687296417,0.33224756,0.016286644951140065,0.029315960912052116,0.04234527687296417,0.41368078,437.57402280130293,0.05863192182410423,'ssml'
48.14371257,7.34825871,21.61764706,16.63627275,122.5,131.59248965,0.00718562874251497,0.06107784,2.304191616766467,3.3532934131736525,6.107784431137724,0.0,0.23952095808383234,0.0,(0.0,),0.055089820359281436,0.0407185628742515,0.09461077844311377,0.19041916167664671,0.09461077844311377,0.025149700598802394,0.12215568862275449,0.07784431137724551,0.059880239520958084,0.6329113924050633,0.06706586826347305,0.45149700598802395,0.26706586826347306,0.01077844,0.07664671,0.046875,0.0625,0.03125,0.15625,0.078125,0.078125,0.078125,0.015625,0.15625,0.296875,13.91178366,0.89134343,402.0,2.63846318,89.32393735,0.10580741,0.77860697,0.059880239520958084,0.3748503,0.003592814371257485,0.008383233532934131,0.013173652694610778,0.38682635,443.7319281437126,0.0718562874251497,'sdlmm'
45.33479693,7.53026634,34.625,13.40339665,415.5,407.5,0.0021953896816684962,0.07793633,2.3863885839736554,2.6344676180021955,6.0373216245883645,0.0,0.0,0.0,(0.0,),0.07683863885839737,0.024149286498353458,0.10757409440175632,0.2239297475301866,0.12184412733260154,0.01646542261251372,0.09549945115257959,0.06037321624588365,0.06805708013172337,0.5585585585585585,0.04939626783754116,0.48518111964873767,0.2897914379802415,0.01646542,0.09001098,0.0975609756097561,0.10975609756097561,0.024390243902439025,0.10975609756097561,0.04878048780487805,0.0,0.06097560975609756,0.07317073170731707,0.23170731707317074,0.24390243902439024,13.68330045,0.88391073,413.0,2.63542248,84.68747645,0.10866518,0.72639225,0.04939626783754116,0.32930845,0.013172338090010977,0.021953896816684963,0.021953896816684963,0.39407245,450.6967343578485,0.043907793633369926,'sdfi'
44.83568075,6.32460733,19.73684211,10.30504274,375.0,0.0,0.002347417840375587,0.10093897,2.171361502347418,4.225352112676056,6.338028169014085,0.0,0.9389671361502347,0.0,(0.0,),0.023474178403755867,0.028169014084507043,0.09389671361502347,0.19953051643192488,0.09154929577464789,0.028169014084507043,0.13615023474178403,0.07511737089201878,0.06807511737089202,0.7435897435897435,0.08685446009389672,0.4295774647887324,0.2605633802816901,0.00938967,0.08450704,0.1111111111111111,0.16666666666666666,0.027777777777777776,0.1388888888888889,0.027777777777777776,0.1111111111111111,0.1111111111111111,0.0,0.08333333333333333,0.2222222222222222,9.25398024,0.86750781,191.0,2.42341256,65.92622349,0.12316035,0.64397906,0.07746478873239436,0.28873239,0.023474178403755867,0.03990610328638498,0.046948356807511735,0.34741784,432.48929577464787,0.0539906103286385,'sjbi'
65.03496503,5.77419355,26.0,7.15541753,43.33333333,38.00292386,0.02097902097902098,0.0979021,2.272727272727273,2.797202797202797,2.097902097902098,0.0,4.195804195804196,0.0,(0.0,),0.04195804195804196,0.013986013986013986,0.07692307692307693,0.2867132867132867,0.13986013986013987,0.027972027972027972,0.09090909090909091,0.06293706293706294,0.055944055944055944,0.39999999999999997,0.055944055944055944,0.4825174825174825,0.27972027972027974,0.01398601,0.11188811,0.125,0.0625,0.0,0.125,0.0,0.0,0.0,0.0,0.25,0.4375,7.77705069,0.91330675,93.0,2.30257449,82.58856627,0.11003733,0.74193548,0.04195804195804196,0.48251748,0.006993006993006993,0.02097902097902098,0.02097902097902098,0.30769231,441.0722377622378,0.04895104895104895,'ssml'
58.97435897,7.13043478,29.66666667,6.59966329,59.33333333,56.22178305,0.015384615384615385,0.10769231,2.528205128205128,3.076923076923077,4.102564102564102,0.0,1.5384615384615385,0.0,(0.0,),0.03076923076923077,0.0,0.07692307692307693,0.2564102564102564,0.1076923076923077,0.010256410256410256,0.10256410256410256,0.06153846153846154,0.05641025641025641,0.5238095238095238,0.13333333333333333,0.46153846153846156,0.24615384615384617,0.02051282,0.02051282,0.0,0.5,0.0,0.25,0.0,0.0,0.25,0.0,0.0,0.0,8.23532105,0.89985445,115.0,2.33842756,75.96274092,0.114736,0.70434783,0.1076923076923077,0.41538462,0.02564102564102564,0.035897435897435895,0.041025641025641026,0.33333333,462.68992307692304,0.05128205128205128,'sdlmm'
53.78151261,6.6796875,24.0,13.74368542,216.0,0.0,0.004201680672268907,0.08403361,2.327731092436975,3.361344537815126,5.042016806722689,1.2605042016806722,0.0,0.0,(0.0,),0.058823529411764705,0.029411764705882353,0.09243697478991597,0.22268907563025211,0.10504201680672269,0.008403361344537815,0.13865546218487396,0.07983193277310924,0.029411764705882353,0.27999999999999997,0.037815126050420166,0.5504201680672269,0.2773109243697479,0.0210084,0.06722689,0.0625,0.0,0.125,0.1875,0.0,0.0,0.25,0.0,0.25,0.125,8.29700766,0.88665758,128.0,2.34827938,69.6545711,0.11981886,0.71875,0.029411764705882353,0.38655462,0.0,0.012605042016806723,0.02100840336134454,0.36554622,445.7269327731093,0.07142857142857142,'sdrm'
56.47058824,5.41666667,20.71428571,20.35902247,145.0,0.0,0.0058823529411764705,0.11764706,2.1,4.117647058823529,4.705882352941177,0.0,0.0,0.0,(0.0,),0.07058823529411765,0.047058823529411764,0.08235294117647059,0.18235294117647058,0.11764705882352941,0.011764705882352941,0.07647058823529412,0.07647058823529412,0.023529411764705882,0.2,0.041176470588235294,0.5,0.27647058823529413,0.01764706,0.08823529,0.0,0.06666666666666667,0.06666666666666667,0.3333333333333333,0.06666666666666667,0.06666666666666667,0.13333333333333333,0.06666666666666667,0.2,0.0,7.36286389,0.88873196,96.0,2.27904242,66.59046642,0.12254454,0.71875,0.058823529411764705,0.40588235,0.011764705882352941,0.023529411764705882,0.029411764705882353,0.35882353,426.4532058823529,0.047058823529411764,'ssml'
59.82532751,6.57664234,29.57142857,24.92765041,69.0,49.72591544,0.013100436681222707,0.08733624,2.2882096069868996,2.183406113537118,5.240174672489083,0.0,0.8733624454148472,0.0,(0.0,),0.048034934497816595,0.021834061135371178,0.06550218340611354,0.2794759825327511,0.12663755458515283,0.008733624454148471,0.08296943231441048,0.08733624454148471,0.056768558951965066,0.4482758620689656,0.0611353711790393,0.49344978165938863,0.2794759825327511,0.01746725,0.08733624,0.15,0.15,0.0,0.1,0.05,0.1,0.0,0.1,0.1,0.25,9.05321483,0.90545319,137.0,2.38934091,82.91346743,0.10982152,0.72992701,0.039301310043668124,0.43668122,0.013100436681222707,0.021834061135371178,0.03056768558951965,0.37554585,442.39537117903933,0.0611353711790393,'saba'
61.9047619,5.23076923,16.33333333,16.03468463,16.33333333,17.24979871,0.05357142857142857,0.11309524,2.125,5.357142857142857,2.380952380952381,0.0,1.1904761904761905,0.0,(0.0,),0.041666666666666664,0.02976190476190476,0.08928571428571429,0.20238095238095238,0.10119047619047619,0.011904761904761904,0.08928571428571429,0.02976190476190476,0.05952380952380952,0.588235294117647,0.1130952380952381,0.4642857142857143,0.22023809523809523,0.02380952,0.10119048,0.058823529411764705,0.17647058823529413,0.058823529411764705,0.11764705882352941,0.058823529411764705,0.0,0.058823529411764705,0.058823529411764705,0.23529411764705882,0.17647058823529413,8.0237742,0.90640584,104.0,2.3216832,78.98268222,0.11252112,0.73076923,0.07142857142857142,0.45238095,0.023809523809523808,0.02976190476190476,0.02976190476190476,0.31547619,428.55562499999996,0.03571428571428571,'evegabmar ma'
42.69406393,6.62566845,34.73913043,21.33626713,61.46153846,50.47560779,0.014840182648401826,0.12100457,2.230593607305936,2.5114155251141552,2.853881278538813,0.0,0.5707762557077626,0.0,(0.0,),0.045662100456621,0.01141552511415525,0.08447488584474885,0.23515981735159816,0.11986301369863013,0.02054794520547945,0.06278538812785388,0.06050228310502283,0.03995433789954338,0.3333333333333333,0.11529680365296803,0.4634703196347032,0.2648401826484018,0.01484018,0.06506849,0.08771929824561403,0.08771929824561403,0.03508771929824561,0.14035087719298245,0.03508771929824561,0.0,0.14035087719298245,0.0,0.2807017543859649,0.19298245614035087,12.63628898,0.87438165,374.0,2.59857855,77.81337072,0.11336341,0.63101604,0.06963470319634703,0.26940639,0.0228310502283105,0.0228310502283105,0.0228310502283105,0.35730594,437.514252283105,0.045662100456621,'fadj'
58.26446281,5.90780142,17.75,9.35525699,15.21428571,16.10757839,0.05785123966942149,0.09504132,2.3181818181818183,4.545454545454546,2.8925619834710745,0.0,1.6528925619834711,0.01652892561983471,(0.01652892561983471,),0.04132231404958678,0.049586776859504134,0.07851239669421488,0.21074380165289255,0.08677685950413223,0.024793388429752067,0.1322314049586777,0.0371900826446281,0.09090909090909091,1.0476190476190477,0.07024793388429752,0.49173553719008267,0.2024793388429752,0.01239669,0.09917355,0.125,0.041666666666666664,0.0,0.08333333333333333,0.125,0.041666666666666664,0.125,0.0,0.08333333333333333,0.375,9.06382329,0.90158791,141.0,2.39157447,80.4663655,0.11147893,0.71631206,0.05371900826446281,0.41735537,0.01652892561983471,0.028925619834710745,0.05371900826446281,0.32644628,444.9070454545455,0.028925619834710745,'ve'
57.61316872,5.7,17.75,9.42624881,15.21428571,16.49319588,0.05761316872427984,0.09876543,2.242798353909465,4.526748971193416,3.292181069958848,0.0,1.646090534979424,0.01646090534979424,(0.01646090534979424,),0.06172839506172839,0.04938271604938271,0.06995884773662552,0.1934156378600823,0.09876543209876543,0.024691358024691357,0.1440329218106996,0.0411522633744856,0.0823045267489712,0.8333333333333334,0.05761316872427984,0.5020576131687243,0.20987654320987653,0.01234568,0.09876543,0.125,0.08333333333333333,0.0,0.08333333333333333,0.08333333333333333,0.041666666666666664,0.125,0.0,0.125,0.3333333333333333,8.98100419,0.89961536,140.0,2.38726842,78.9444694,0.11254835,0.71428571,0.04526748971193416,0.41152263,0.024691358024691357,0.03292181069958848,0.053497942386831275,0.32510288,438.5297942386831,0.02880658436213992,'sdeg'
53.1147541,6.50617284,33.375,17.25498116,29.66666667,24.72964932,0.029508196721311476,0.11147541,2.281967213114754,2.622950819672131,6.229508196721311,0.0,2.2950819672131146,0.006557377049180328,(0.006557377049180328,),0.03934426229508197,0.02622950819672131,0.07540983606557378,0.18688524590163935,0.09508196721311475,0.01639344262295082,0.10163934426229508,0.08196721311475409,0.10491803278688525,1.103448275862069,0.08196721311475409,0.39672131147540984,0.25245901639344265,0.00327869,0.10819672,0.24242424242424243,0.06060606060606061,0.0,0.030303030303030304,0.030303030303030304,0.030303030303030304,0.15151515151515152,0.0,0.21212121212121213,0.24242424242424243,9.27609302,0.88939144,162.0,2.41057048,74.61145434,0.11577032,0.67283951,0.06885245901639345,0.35737705,0.013114754098360656,0.01639344262295082,0.019672131147540985,0.34754098,441.8628032786885,0.04590163934426229,'sdfi'
49.65986395,5.87671233,29.44444444,13.31758329,33.125,23.05665576,0.027210884353741496,0.0952381,2.2312925170068025,3.061224489795918,5.1020408163265305,0.0,1.7006802721088434,0.0,(0.0,),0.06462585034013606,0.023809523809523808,0.07482993197278912,0.20748299319727892,0.08503401360544217,0.017006802721088437,0.09183673469387756,0.09183673469387756,0.08503401360544217,1.0,0.061224489795918366,0.46598639455782315,0.25170068027210885,0.00680272,0.10544218,0.12903225806451613,0.03225806451612903,0.03225806451612903,0.0967741935483871,0.06451612903225806,0.16129032258064516,0.12903225806451613,0.0,0.16129032258064516,0.1935483870967742,8.51489292,0.87684291,146.0,2.36852829,66.57897111,0.12255512,0.63013699,0.027210884353741496,0.31292517,0.047619047619047616,0.06802721088435375,0.06802721088435375,0.37755102,437.57127551020403,0.04421768707482993,'bmm'
44.75446429,6.70454545,28.60714286,25.5766904,72.72727273,66.80513169,0.012276785714285714,0.08258929,2.1953125,2.6785714285714284,3.6830357142857144,0.0,1.0044642857142858,0.002232142857142857,(0.002232142857142857,),0.06473214285714286,0.03459821428571429,0.10267857142857142,0.19084821428571427,0.109375,0.014508928571428572,0.09933035714285714,0.07142857142857142,0.06808035714285714,0.6224489795918366,0.09375,0.44308035714285715,0.28348214285714285,0.01227679,0.08035714,0.013888888888888888,0.1111111111111111,0.027777777777777776,0.18055555555555555,0.05555555555555555,0.027777777777777776,0.027777777777777776,0.041666666666666664,0.3055555555555556,0.20833333333333334,13.39646975,0.88173198,401.0,2.62532339,82.92482211,0.109814,0.72319202,0.05133928571428571,0.32366071,0.013392857142857142,0.022321428571428572,0.022321428571428572,0.37165179,434.5210546875,0.05580357142857143,'fadj'
53.73134328,5.18518519,44.5,21.55806114,44.5,25.74393132,0.01990049751243781,0.08955224,1.9601990049751243,1.9900497512437811,8.457711442786069,0.0,0.0,0.0,(0.0,),0.04975124378109453,0.08955223880597014,0.1044776119402985,0.21393034825870647,0.1044776119402985,0.004975124378109453,0.11442786069651742,0.05472636815920398,0.06467661691542288,0.6190476190476191,0.029850746268656716,0.5174129353233831,0.263681592039801,0.01492537,0.10945274,0.0,0.045454545454545456,0.13636363636363635,0.2727272727272727,0.045454545454545456,0.045454545454545456,0.0,0.0,0.4090909090909091,0.045454545454545456,7.61773265,0.88287046,108.0,2.30097898,65.32128007,0.12372933,0.7037037,0.01990049751243781,0.37810945,0.024875621890547265,0.04477611940298507,0.06965174129353234,0.39800995,414.64763681592035,0.03980099502487562,'sdcm'
47.99235182,7.05976096,22.66666667,10.5032119,17.62962963,11.02572127,0.05162523900573614,0.07265774,2.388145315487572,4.015296367112811,3.8240917782026767,0.0,0.19120458891013384,0.0,(0.0,),0.08604206500956023,0.019120458891013385,0.11281070745697896,0.2179732313575526,0.124282982791587,0.04206500956022945,0.07839388145315487,0.04397705544933078,0.036328871892925434,0.2923076923076923,0.03441682600382409,0.5066921606118547,0.28107074569789675,0.00956023,0.08030593,0.09523809523809523,0.09523809523809523,0.07142857142857142,0.16666666666666666,0.09523809523809523,0.023809523809523808,0.0,0.023809523809523808,0.21428571428571427,0.21428571428571427,10.97546368,0.88271923,251.0,2.51085479,77.00040891,0.11396027,0.75697211,0.040152963671128104,0.36328872,0.015296367112810707,0.03441682600382409,0.03824091778202677,0.36137667,450.8313384321224,0.045889101338432124,'sdjme'
48.45070423,6.38953488,38.625,28.06660605,38.625,26.09567732,0.022535211267605635,0.07605634,2.2450704225352114,1.6901408450704225,9.577464788732394,0.0,0.28169014084507044,0.0,(0.0,),0.05352112676056338,0.016901408450704224,0.11267605633802817,0.22816901408450704,0.10422535211267606,0.01971830985915493,0.07042253521126761,0.05070422535211268,0.05070422535211268,0.4864864864864865,0.059154929577464786,0.4676056338028169,0.2676056338028169,0.01126761,0.06760563,0.08333333333333333,0.041666666666666664,0.0,0.08333333333333333,0.041666666666666664,0.041666666666666664,0.125,0.041666666666666664,0.375,0.16666666666666666,9.12881215,0.87659932,172.0,2.40905432,68.6517724,0.12069079,0.72674419,0.030985915492957747,0.35211268,0.014084507042253521,0.03380281690140845,0.05070422535211268,0.3943662,438.7450845070423,0.05352112676056338,'sdcm'
59.24170616,6.736,17.45454545,4.84981042,21.33333333,8.70504324,0.04265402843601896,0.07109005,2.3270142180094786,5.213270142180095,2.843601895734597,0.0,0.0,0.0,(0.0,),0.06635071090047394,0.014218009478672985,0.13270142180094788,0.21800947867298578,0.15639810426540285,0.052132701421800945,0.07582938388625593,0.018957345971563982,0.04265402843601896,0.27272727272727276,0.018957345971563982,0.4786729857819905,0.3080568720379147,0.0,0.06635071,0.07142857142857142,0.14285714285714285,0.0,0.14285714285714285,0.07142857142857142,0.0,0.0,0.0,0.2857142857142857,0.2857142857142857,8.60535489,0.90217521,125.0,2.36223872,78.92783839,0.11256021,0.744,0.023696682464454975,0.44075829,0.018957345971563982,0.037914691943127965,0.04739336492890995,0.38388626,445.64748815165876,0.02843601895734597,'sdjme'
47.29344729,6.22289157,39.625,14.76429392,45.28571429,36.40139042,0.019943019943019943,0.06267806,2.076923076923077,2.2792022792022792,7.407407407407407,0.0,0.0,0.0,(0.0,),0.037037037037037035,0.06267806267806268,0.11965811965811966,0.19658119658119658,0.07977207977207977,0.011396011396011397,0.14814814814814814,0.05698005698005698,0.10256410256410256,1.2857142857142856,0.05128205128205128,0.4757834757834758,0.2564102564102564,0.00854701,0.0968661,0.058823529411764705,0.029411764705882353,0.0,0.11764705882352941,0.029411764705882353,0.11764705882352941,0.08823529411764706,0.058823529411764705,0.38235294117647056,0.11764705882352941,8.86042451,0.87223584,166.0,2.39460171,66.17917849,0.12292474,0.71686747,0.019943019943019943,0.33903134,0.011396011396011397,0.02849002849002849,0.045584045584045586,0.3988604,424.51666666666665,0.05698005698005698,'moa ju ga'
60.40609137,7.1092437,30.33333333,6.3420992,91.0,36.0,0.01015228426395939,0.06598985,2.4213197969543145,3.045685279187817,4.568527918781726,0.0,0.0,0.0,(0.0,),0.06598984771573604,0.025380710659898477,0.12690355329949238,0.23857868020304568,0.08629441624365482,0.01015228426395939,0.1065989847715736,0.04568527918781726,0.06598984771573604,0.7647058823529412,0.07614213197969544,0.5126903553299492,0.25888324873096447,0.01015228,0.06091371,0.08333333333333333,0.16666666666666666,0.0,0.08333333333333333,0.08333333333333333,0.0,0.25,0.0,0.16666666666666666,0.16666666666666666,8.47839895,0.90458815,119.0,2.35303604,79.88579942,0.11188328,0.74789916,0.07106598984771574,0.45177665,0.015228426395939087,0.025380710659898477,0.04060913705583756,0.37563452,453.64774111675126,0.030456852791878174,'sdjme'
48.25174825,6.13043478,42.5,17.91414711,63.75,43.88835267,0.013986013986013986,0.07692308,2.2587412587412588,2.097902097902098,7.3426573426573425,0.0,0.34965034965034963,0.013986013986013986,(0.013986013986013986,),0.04895104895104895,0.03496503496503497,0.10839160839160839,0.18181818181818182,0.08741258741258741,0.017482517482517484,0.0944055944055944,0.05244755244755245,0.1048951048951049,1.2,0.0944055944055944,0.42657342657342656,0.24825174825174826,0.01048951,0.06643357,0.10526315789473684,0.05263157894736842,0.0,0.10526315789473684,0.05263157894736842,0.0,0.15789473684210525,0.10526315789473684,0.2631578947368421,0.15789473684210525,8.16011106,0.87115644,138.0,2.3471737,63.33161918,0.12565787,0.68115942,0.05244755244755245,0.32867133,0.027972027972027972,0.045454545454545456,0.05244755244755245,0.41608392,439.90321678321675,0.045454545454545456,'sdcm'
63.41463415,5.65384615,8.75,2.04633819,8.75,2.04633819,0.0975609756097561,0.07317073,2.024390243902439,9.75609756097561,4.878048780487805,0.0,0.0,0.0,(0.0,),0.036585365853658534,0.07317073170731707,0.036585365853658534,0.17073170731707318,0.08536585365853659,0.024390243902439025,0.13414634146341464,0.036585365853658534,0.07317073170731707,0.857142857142857,0.04878048780487805,0.5365853658536586,0.15853658536585366,0.02439024,0.12195122,0.0,0.2,0.1,0.2,0.0,0.0,0.1,0.2,0.1,0.1,5.74243936,0.89664067,52.0,2.13621919,61.50922502,0.12750578,0.73076923,0.012195121951219513,0.46341463,0.0,0.0,0.012195121951219513,0.37804878,419.99939024390244,0.04878048780487805,'sdjme'
53.33333333,7.07142857,19.78571429,13.13761541,25.18181818,23.79388073,0.03492063492063492,0.07619048,2.5238095238095237,4.444444444444445,3.492063492063492,0.0,0.31746031746031744,0.0,(0.0,),0.06666666666666667,0.025396825396825397,0.0761904761904762,0.23492063492063492,0.11428571428571428,0.01904761904761905,0.06349206349206349,0.05396825396825397,0.04126984126984127,0.3611111111111111,0.10476190476190476,0.4666666666666667,0.24444444444444444,0.00952381,0.08253968,0.038461538461538464,0.11538461538461539,0.07692307692307693,0.15384615384615385,0.11538461538461539,0.0,0.038461538461538464,0.07692307692307693,0.23076923076923078,0.15384615384615385,9.46572765,0.89072565,168.0,2.42134988,75.94836033,0.11474686,0.77380952,0.09523809523809523,0.41269841,0.022222222222222223,0.03492063492063492,0.047619047619047616,0.33650794,462.3041746031746,0.03492063492063492,'fadj'
46.50112867,6.2195122,18.66666667,15.26381758,23.05882353,14.96454865,0.03837471783295711,0.08352144,2.2528216704288937,2.9345372460496613,6.094808126410835,0.0,0.45146726862302483,0.0,(0.0,),0.07223476297968397,0.05191873589164785,0.10609480812641084,0.1963882618510158,0.07900677200902935,0.013544018058690745,0.12641083521444696,0.029345372460496615,0.11286681715575621,1.4285714285714286,0.040632054176072234,0.49887133182844245,0.2144469525959368,0.01805869,0.08126411,0.05555555555555555,0.1111111111111111,0.027777777777777776,0.1388888888888889,0.1388888888888889,0.05555555555555555,0.05555555555555555,0.05555555555555555,0.16666666666666666,0.19444444444444445,9.78735537,0.874344,206.0,2.45101025,69.96214195,0.11955519,0.69902913,0.024830699774266364,0.32505643,0.024830699774266364,0.033860045146726865,0.045146726862302484,0.3972912,439.39163656884875,0.020316027088036117,'sdcm'
44.42700157,7.73404255,33.47058824,16.79677016,37.93333333,55.1234574,0.023547880690737835,0.11616954,2.4693877551020407,2.6687598116169546,7.06436420722135,0.0,0.3139717425431711,0.0,(0.0,),0.0706436420722135,0.007849293563579277,0.07221350078492936,0.25745682888540034,0.09419152276295134,0.0141287284144427,0.09419152276295134,0.09733124018838304,0.03453689167974882,0.3666666666666666,0.06593406593406594,0.5086342229199372,0.26373626373626374,0.01098901,0.05808477,0.02702702702702703,0.05405405405405406,0.02702702702702703,0.13513513513513514,0.02702702702702703,0.02702702702702703,0.10810810810810811,0.02702702702702703,0.1891891891891892,0.3783783783783784,11.21286825,0.87434541,283.0,2.52972777,74.13298153,0.11614333,0.66077739,0.054945054945054944,0.29356358,0.02040816326530612,0.03139717425431711,0.03139717425431711,0.33594976,457.7181161695447,0.0847723704866562,'sdeg'
43.78238342,7.13017751,34.33333333,27.64801437,65.54545455,84.21008754,0.014248704663212436,0.08031088,2.2966321243523318,2.5906735751295336,2.7202072538860103,0.0,0.6476683937823834,0.0,(0.0,),0.04792746113989637,0.02072538860103627,0.10621761658031088,0.22797927461139897,0.13730569948186527,0.011658031088082901,0.12046632124352331,0.07512953367875648,0.07901554404145078,0.5754716981132076,0.05699481865284974,0.46632124352331605,0.31865284974093266,0.01036269,0.07512953,0.10344827586206896,0.05172413793103448,0.017241379310344827,0.08620689655172414,0.034482758620689655,0.034482758620689655,0.10344827586206896,0.06896551724137931,0.22413793103448276,0.27586206896551724,12.16488619,0.87577973,338.0,2.57545554,77.22135087,0.11379713,0.72781065,0.042746113989637305,0.31865285,0.011658031088082901,0.025906735751295335,0.025906735751295335,0.42098446,443.1037823834197,0.05181347150259067,'sdlmm'
41.617357,6.65876777,34.7037037,13.71080897,37.48,43.10556345,0.02465483234714004,0.09664694,2.165680473372781,2.5641025641025643,4.437869822485207,0.0,0.2958579881656805,0.0,(0.0,),0.05917159763313609,0.04437869822485207,0.08678500986193294,0.1903353057199211,0.08974358974358974,0.029585798816568046,0.13609467455621302,0.09566074950690336,0.08382642998027613,0.9340659340659341,0.05226824457593689,0.4714003944773176,0.27218934911242604,0.00986193,0.07692308,0.07692307692307693,0.16666666666666666,0.01282051282051282,0.038461538461538464,0.11538461538461539,0.14102564102564102,0.038461538461538464,0.01282051282051282,0.20512820512820512,0.19230769230769232,13.25236758,0.87334641,422.0,2.62692883,78.84373271,0.11262023,0.66587678,0.03944773175542406,0.27712032,0.01972386587771203,0.01972386587771203,0.01972386587771203,0.3974359,432.02454142011834,0.08086785009861933,'pdje'
42.45348036,6.95454545,27.30434783,14.54508667,125.6,308.10556632,0.006891798759476223,0.08476912,2.2432804962095108,3.1702274293590627,6.064782908339076,0.0,0.6891798759476223,0.008270158511371467,(0.008270158511371467,),0.06064782908339077,0.03790489317711923,0.06960716747070986,0.20261888352860097,0.11233631977946244,0.02067539627842867,0.08752584424534804,0.06753962784286699,0.051688490696071676,0.4601226993865031,0.08407994486560992,0.45899379738111645,0.24948311509303928,0.01654032,0.07512061,0.027522935779816515,0.13761467889908258,0.045871559633027525,0.21100917431192662,0.01834862385321101,0.07339449541284404,0.09174311926605505,0.027522935779816515,0.1926605504587156,0.1743119266055046,16.17137715,0.88231314,616.0,2.73138471,89.2438806,0.10585485,0.72402597,0.057201929703652656,0.30737422,0.012405237767057202,0.013783597518952447,0.013783597518952447,0.35010338,438.5808545830462,0.052377670572019294,'mj'
63.0,6.41269841,11.42857143,5.92469753,10.0,7.92148976,0.08,0.06,2.26,6.0,9.0,0.0,7.0,0.0,(0.0,),0.03,0.02,0.08,0.26,0.06,0.02,0.09,0.06,0.05,0.8333333333333334,0.07,0.44,0.2,0.01,0.1,0.3,0.0,0.0,0.1,0.2,0.0,0.0,0.0,0.1,0.3,6.3,0.89967027,63.0,2.18786029,66.22021711,0.12288665,0.79365079,0.09,0.5,0.0,0.01,0.01,0.31,439.95994999999994,0.07,'frl'
48.46153846,6.33333333,28.6875,22.10406849,30.6,46.16174462,0.028846153846153848,0.09615385,2.2134615384615386,3.076923076923077,3.269230769230769,0.0,2.1153846153846154,0.019230769230769232,(0.019230769230769232,),0.032692307692307694,0.011538461538461539,0.06923076923076923,0.22115384615384615,0.1076923076923077,0.019230769230769232,0.09038461538461538,0.06346153846153846,0.0673076923076923,0.6249999999999999,0.12884615384615383,0.4346153846153846,0.2403846153846154,0.00769231,0.08653846,0.13333333333333333,0.2222222222222222,0.0,0.044444444444444446,0.022222222222222223,0.08888888888888889,0.06666666666666667,0.022222222222222223,0.17777777777777778,0.2222222222222222,11.05093104,0.884167,252.0,2.51371186,77.89117238,0.11330678,0.70238095,0.07692307692307693,0.34038462,0.011538461538461539,0.019230769230769232,0.026923076923076925,0.35576923,436.05675961538464,0.03653846153846154,'sdgv'
54.97925311,6.5245283,17.95833333,11.93202681,86.2,160.91662437,0.01037344398340249,0.07261411,2.3340248962655603,4.979253112033195,4.356846473029045,0.0,1.037344398340249,0.0,(0.0,),0.07261410788381743,0.05186721991701245,0.08091286307053942,0.2053941908713693,0.12033195020746888,0.02074688796680498,0.1037344398340249,0.03734439834024896,0.08506224066390042,0.7068965517241379,0.05394190871369295,0.4854771784232365,0.23858921161825727,0.00829876,0.10165975,0.061224489795918366,0.04081632653061224,0.04081632653061224,0.14285714285714285,0.08163265306122448,0.14285714285714285,0.02040816326530612,0.0,0.1836734693877551,0.2857142857142857,12.07041924,0.90316936,265.0,2.55073542,92.04616692,0.10423106,0.76226415,0.06016597510373444,0.41908714,0.01037344398340249,0.024896265560165973,0.024896265560165973,0.34439834,446.24086099585065,0.029045643153526972,'mj'
58.29383886,6.5203252,23.5,12.51998403,26.85714286,36.52172962,0.03317535545023697,0.06161137,2.293838862559242,3.3175355450236967,6.161137440758294,0.0,2.3696682464454977,0.0,(0.0,),0.04265402843601896,0.02843601895734597,0.10426540284360189,0.1990521327014218,0.12322274881516587,0.018957345971563982,0.09004739336492891,0.09004739336492891,0.061611374407582936,0.5,0.052132701421800945,0.41232227488151657,0.3175355450236967,0.01895735,0.1042654,0.13636363636363635,0.13636363636363635,0.0,0.09090909090909091,0.0,0.0,0.13636363636363635,0.0,0.13636363636363635,0.36363636363636365,8.46766921,0.89916142,123.0,2.35434746,76.5688999,0.11428094,0.71544715,0.06635071090047394,0.41706161,0.004739336492890996,0.009478672985781991,0.009478672985781991,0.42180095,442.85528436018956,0.061611374407582936,'sdfi'
54.65116279,6.11914894,24.86666667,20.1919676,23.25,22.30050448,0.037209302325581395,0.0627907,2.1348837209302327,2.3255813953488373,5.813953488372093,0.0,1.627906976744186,0.0,(0.0,),0.05116279069767442,0.018604651162790697,0.07674418604651163,0.1883720930232558,0.08139534883720931,0.018604651162790697,0.09302325581395349,0.053488372093023255,0.10697674418604651,1.3142857142857143,0.08372093023255814,0.42093023255813955,0.2116279069767442,0.01162791,0.07209302,0.06451612903225806,0.0967741935483871,0.03225806451612903,0.0967741935483871,0.0967741935483871,0.0967741935483871,0.06451612903225806,0.06451612903225806,0.12903225806451613,0.25806451612903225,11.33270632,0.90035932,235.0,2.51727537,87.79740024,0.10672328,0.7787234,0.05116279069767442,0.4255814,0.004651162790697674,0.0069767441860465115,0.0069767441860465115,0.35348837,429.4201976744186,0.04883720930232558,'mj'
65.98360656,5.99378882,21.5,33.09758299,21.5,33.12174512,0.040983606557377046,0.04098361,2.1352459016393444,3.278688524590164,7.377049180327869,0.0,0.819672131147541,0.00819672131147541,(0.00819672131147541,),0.06147540983606557,0.036885245901639344,0.10245901639344263,0.20081967213114754,0.06147540983606557,0.012295081967213115,0.06967213114754098,0.04918032786885246,0.10655737704918032,1.7333333333333332,0.13114754098360656,0.4016393442622951,0.21311475409836064,0.00409836,0.06967213,0.11764705882352941,0.0,0.0,0.17647058823529413,0.0,0.0,0.11764705882352941,0.0,0.35294117647058826,0.23529411764705882,10.30696883,0.92436763,161.0,2.45390035,104.85903528,0.09765558,0.83850932,0.0860655737704918,0.55327869,0.0,0.0,0.0,0.33606557,429.4310450819672,0.04918032786885246,'frl'
60.86956522,5.73809524,21.22222222,17.73745427,21.22222222,20.14270079,0.043478260869565216,0.0821256,2.135265700483092,2.898550724637681,2.898550724637681,0.0,1.4492753623188406,0.00966183574879227,(0.00966183574879227,),0.04830917874396135,0.043478260869565216,0.0821256038647343,0.2318840579710145,0.14009661835748793,0.01932367149758454,0.08695652173913043,0.07246376811594203,0.09178743961352658,0.6551724137931034,0.057971014492753624,0.4492753623188406,0.2946859903381642,0.00966184,0.07729469,0.0,0.1875,0.0,0.0,0.0,0.0625,0.125,0.0625,0.1875,0.375,8.75760539,0.90690736,126.0,2.37029173,82.6433402,0.11000086,0.74603175,0.06280193236714976,0.45410628,0.004830917874396135,0.00966183574879227,0.00966183574879227,0.4057971,429.434347826087,0.06280193236714976,'gnem'
63.29787234,5.68907563,18.33333333,13.49073756,11.78571429,11.39033783,0.07446808510638298,0.07446809,2.1595744680851063,3.1914893617021276,3.723404255319149,0.0,2.6595744680851063,0.02127659574468085,(0.02127659574468085,),0.0425531914893617,0.031914893617021274,0.0797872340425532,0.19148936170212766,0.07446808510638298,0.02127659574468085,0.06382978723404255,0.047872340425531915,0.05319148936170213,0.7142857142857143,0.13297872340425532,0.4308510638297872,0.20212765957446807,0.0106383,0.05319149,0.1,0.0,0.1,0.1,0.0,0.0,0.3,0.0,0.1,0.3,8.67896699,0.91266618,119.0,2.36338119,86.50244566,0.10751915,0.78991597,0.09574468085106383,0.5,0.0,0.005319148936170213,0.005319148936170213,0.33510638,431.4810106382979,0.05319148936170213,'sdgv'
55.92592593,6.09210526,24.5,14.71903529,49.0,37.62977544,0.018518518518518517,0.07407407,2.1037037037037036,2.2222222222222223,3.7037037037037037,0.0,0.37037037037037035,0.0,(0.0,),0.040740740740740744,0.03333333333333333,0.09259259259259259,0.1962962962962963,0.12222222222222222,0.014814814814814815,0.12222222222222222,0.08148148148148149,0.08518518518518518,0.696969696969697,0.044444444444444446,0.4666666666666667,0.2962962962962963,0.0037037,0.09259259,0.04,0.08,0.08,0.08,0.0,0.04,0.12,0.12,0.28,0.16,9.18956735,0.89619537,151.0,2.40176419,77.80785469,0.11336742,0.7218543,0.037037037037037035,0.4037037,0.0,0.003703703703703704,0.007407407407407408,0.40740741,426.78577777777775,0.07777777777777778,'saba'
47.53246753,6.20765027,34.8,28.17374664,38.66666667,39.80508064,0.023376623376623377,0.08571429,2.1584415584415586,1.2987012987012987,6.233766233766234,0.0,0.5194805194805194,0.0,(0.0,),0.04155844155844156,0.03636363636363636,0.09350649350649351,0.18441558441558442,0.11688311688311688,0.01818181818181818,0.14545454545454545,0.07272727272727272,0.06233766233766234,0.5333333333333333,0.03896103896103896,0.4909090909090909,0.2831168831168831,0.01818182,0.10909091,0.09523809523809523,0.21428571428571427,0.0,0.047619047619047616,0.09523809523809523,0.07142857142857142,0.09523809523809523,0.11904761904761904,0.14285714285714285,0.11904761904761904,9.3265436,0.87506689,183.0,2.4225108,68.74650683,0.1206076,0.67213115,0.033766233766233764,0.31948052,0.025974025974025976,0.033766233766233764,0.04155844155844156,0.39480519,431.425974025974,0.04155844155844156,'sdeg'
44.67120181,6.37563452,19.5,9.20054346,26.0,42.33831992,0.034013605442176874,0.0861678,2.1678004535147393,3.1746031746031744,5.668934240362812,0.22675736961451248,0.6802721088435374,0.0,(0.0,),0.02040816326530612,0.022675736961451247,0.12244897959183673,0.1927437641723356,0.10884353741496598,0.011337868480725623,0.1383219954648526,0.05668934240362812,0.08163265306122448,0.75,0.06349206349206349,0.4376417233560091,0.28798185941043086,0.00453515,0.0952381,0.09523809523809523,0.047619047619047616,0.0,0.07142857142857142,0.09523809523809523,0.09523809523809523,0.11904761904761904,0.023809523809523808,0.14285714285714285,0.30952380952380953,9.38095238,0.86765722,197.0,2.43129021,66.37789099,0.12274061,0.64467005,0.04308390022675737,0.28798186,0.015873015873015872,0.031746031746031744,0.045351473922902494,0.40362812,432.1986961451247,0.03854875283446712,'sdll'
55.36159601,6.78828829,34.27272727,16.28770261,125.66666667,91.29561265,0.007481296758104738,0.08229426,2.369077306733167,2.2443890274314215,2.493765586034913,0.24937655860349128,0.0,0.0,(0.0,),0.06483790523690773,0.00997506234413965,0.09476309226932668,0.18703241895261846,0.12967581047381546,0.017456359102244388,0.12219451371571072,0.0798004987531172,0.0773067331670823,0.5961538461538461,0.08478802992518704,0.4488778054862843,0.30423940149625933,0.01745636,0.05985037,0.041666666666666664,0.08333333333333333,0.0,0.08333333333333333,0.08333333333333333,0.041666666666666664,0.16666666666666666,0.041666666666666664,0.125,0.3333333333333333,11.08615096,0.90135338,222.0,2.5044101,87.66096879,0.1068063,0.73423423,0.08478802992518704,0.40648379,0.004987531172069825,0.012468827930174564,0.0199501246882793,0.40897756,449.23615960099755,0.06483790523690773,'bmm'
48.88888889,6.95121951,26.2,15.24335921,47.63636364,42.42056261,0.018803418803418803,0.07350427,2.282051282051282,2.393162393162393,5.641025641025641,0.17094017094017094,0.3418803418803419,0.0,(0.0,),0.03418803418803419,0.02735042735042735,0.10598290598290598,0.21367521367521367,0.1094017094017094,0.013675213675213675,0.10256410256410256,0.05982905982905983,0.06666666666666667,0.609375,0.07179487179487179,0.452991452991453,0.27521367521367524,0.00683761,0.07692308,0.022222222222222223,0.13333333333333333,0.044444444444444446,0.08888888888888889,0.022222222222222223,0.06666666666666667,0.15555555555555556,0.022222222222222223,0.26666666666666666,0.17777777777777778,11.8246447,0.88768618,286.0,2.54962137,81.84472041,0.11053623,0.73776224,0.06837606837606838,0.36068376,0.0017094017094017094,0.008547008547008548,0.010256410256410256,0.41025641,441.8722478632478,0.05982905982905983,'fodm'
51.56862745,6.92015209,42.81818182,25.46590656,94.2,108.85476563,0.00980392156862745,0.08235294,2.3372549019607844,2.156862745098039,3.5294117647058822,0.0,0.39215686274509803,0.00392156862745098,(0.00392156862745098,),0.047058823529411764,0.025490196078431372,0.10980392156862745,0.24705882352941178,0.11568627450980393,0.01568627450980392,0.08627450980392157,0.08823529411764706,0.029411764705882353,0.2542372881355932,0.07254901960784314,0.4843137254901961,0.3137254901960784,0.00980392,0.08627451,0.045454545454545456,0.13636363636363635,0.045454545454545456,0.06818181818181818,0.045454545454545456,0.06818181818181818,0.11363636363636363,0.09090909090909091,0.2727272727272727,0.11363636363636363,11.64583574,0.89377397,263.0,2.53672115,84.67184112,0.10867521,0.74144487,0.058823529411764705,0.38235294,0.00196078431372549,0.011764705882352941,0.013725490196078431,0.40392157,446.5428823529412,0.058823529411764705,'saba'
41.50627615,7.94556452,33.48484848,13.79969524,44.2,51.27416503,0.02092050209205021,0.09037657,2.517991631799163,2.7615062761506275,3.933054393305439,0.0,0.2510460251046025,0.0,(0.0,),0.08786610878661087,0.0200836820083682,0.09372384937238494,0.24184100418410043,0.11715481171548117,0.0200836820083682,0.07029288702928871,0.07531380753138076,0.03598326359832636,0.30714285714285716,0.06359832635983263,0.5171548117154812,0.28619246861924685,0.02259414,0.09205021,0.03636363636363636,0.06363636363636363,0.08181818181818182,0.12727272727272726,0.02727272727272727,0.03636363636363636,0.18181818181818182,0.045454545454545456,0.3,0.1,14.34820998,0.87590492,496.0,2.66993137,82.37872582,0.11017739,0.70564516,0.06610878661087866,0.29288703,0.013389121338912133,0.016736401673640166,0.016736401673640166,0.37824268,461.8290627615063,0.058577405857740586,'ve'
40.78431373,7.92322457,32.58333333,11.15141994,48.875,51.69567398,0.018823529411764704,0.08313725,2.527843137254902,2.823529411764706,4.627450980392157,0.0,0.23529411764705882,0.0,(0.0,),0.09176470588235294,0.022745098039215685,0.10666666666666667,0.23215686274509803,0.10666666666666667,0.023529411764705882,0.07294117647058823,0.07294117647058823,0.03686274509803922,0.34558823529411764,0.06431372549019608,0.5074509803921569,0.28627450980392155,0.01647059,0.08941176,0.043859649122807015,0.10526315789473684,0.05263157894736842,0.08771929824561403,0.03508771929824561,0.043859649122807015,0.17543859649122806,0.03508771929824561,0.2543859649122807,0.16666666666666666,14.56291287,0.87457557,520.0,2.67976439,82.25097478,0.11026292,0.71346154,0.0596078431372549,0.29098039,0.01568627450980392,0.01568627450980392,0.01568627450980392,0.37568627,462.6618705882353,0.05411764705882353,'sdeg'
37.27647868,7.49261993,35.59459459,12.29910887,131.7,134.47977543,0.0068775790921595595,0.08390646,2.347317744154058,2.544704264099037,6.396148555708391,0.0,0.2751031636863824,0.002751031636863824,(0.002751031636863824,),0.06740027510316368,0.027510316368638238,0.0859697386519945,0.2248968363136176,0.11004126547455295,0.02269601100412655,0.08253094910591471,0.06258596973865199,0.06533700137551582,0.59375,0.05295735900962861,0.5048143053645117,0.2585969738651995,0.01581843,0.08046768,0.06837606837606838,0.10256410256410256,0.017094017094017096,0.15384615384615385,0.06837606837606838,0.03418803418803419,0.13675213675213677,0.02564102564102564,0.23931623931623933,0.15384615384615385,14.21402527,0.8644881,542.0,2.67663995,77.52685446,0.11357269,0.69372694,0.04470426409903714,0.25859697,0.013755158184319119,0.013755158184319119,0.013755158184319119,0.3872077,447.3922524071527,0.04126547455295736,'flg'
37.63306199,7.89112228,32.55555556,13.55081884,732.5,647.5,0.0012523481527864746,0.08641202,2.466499686912962,2.817783343769568,5.134627426424546,0.0,0.06261740763932373,0.0,(0.0,),0.06261740763932373,0.021289918597370068,0.09768315591734503,0.2329367564182843,0.11959924859110833,0.016906700062617408,0.07388854101440201,0.07451471509079524,0.035691922354414526,0.29842931937172773,0.07326236693800876,0.4884157795867251,0.2917971195992486,0.01753287,0.06825297,0.045871559633027525,0.11009174311926606,0.07339449541284404,0.11926605504587157,0.03669724770642202,0.009174311926605505,0.08256880733944955,0.05504587155963303,0.3119266055045872,0.1559633027522936,15.03910578,0.86750233,601.0,2.70584768,80.31196651,0.11158604,0.70382696,0.051972448340638695,0.26487163,0.012523481527864746,0.012523481527864746,0.012523481527864746,0.37257358,457.47163744520975,0.056355666875391355,'sdmj'
44.26966292,7.45431472,38.9047619,26.75978639,102.125,100.034291,0.008988764044943821,0.07078652,2.3325842696629215,2.359550561797753,5.50561797752809,0.0,0.2247191011235955,0.0011235955056179776,(0.0011235955056179776,),0.05955056179775281,0.02247191011235955,0.11573033707865168,0.2258426966292135,0.11123595505617978,0.017977528089887642,0.10337078651685393,0.10112359550561797,0.04044943820224719,0.3636363636363636,0.05730337078651685,0.47191011235955055,0.32808988764044944,0.01011236,0.08202247,0.0821917808219178,0.1232876712328767,0.0273972602739726,0.0958904109589041,0.0547945205479452,0.0,0.1232876712328767,0.0410958904109589,0.273972602739726,0.1780821917808219,13.20691001,0.88001119,394.0,2.6187443,81.65479653,0.11066471,0.75380711,0.05056179775280899,0.33370787,0.010112359550561797,0.020224719101123594,0.02247191011235955,0.41685393,446.14767977528095,0.07415730337078652,'bmm'
47.0917226,7.42344498,38.85,22.80849622,86.33333333,67.28711285,0.010067114093959731,0.08389262,2.3612975391498883,2.348993288590604,7.046979865771812,0.0,0.5592841163310962,0.0011185682326621924,(0.0011185682326621924,),0.06375838926174497,0.025727069351230425,0.0894854586129754,0.24049217002237136,0.1017897091722595,0.017897091722595078,0.07046979865771812,0.07718120805369127,0.03243847874720358,0.31868131868131866,0.07718120805369127,0.4742729306487696,0.2684563758389262,0.01454139,0.08501119,0.05263157894736842,0.07894736842105263,0.02631578947368421,0.09210526315789473,0.07894736842105263,0.05263157894736842,0.09210526315789473,0.11842105263157894,0.27631578947368424,0.13157894736842105,14.08034631,0.889184,421.0,2.64702238,88.47216004,0.10631552,0.74346793,0.07158836689038031,0.35011186,0.005592841163310962,0.0145413870246085,0.01901565995525727,0.34787472,448.5735234899329,0.058165548098434,'fodm'
70.94017094,6.15662651,17.33333333,9.33928382,17.33333333,24.75659284,0.05128205128205128,0.07692308,2.2905982905982905,4.273504273504273,4.273504273504273,0.0,0.8547008547008547,0.0,(0.0,),0.07692307692307693,0.0,0.11965811965811966,0.23931623931623933,0.08547008547008547,0.02564102564102564,0.08547008547008547,0.07692307692307693,0.03418803418803419,0.4,0.09401709401709402,0.452991452991453,0.28205128205128205,0.03418803,0.04273504,0.0,0.4,0.0,0.2,0.0,0.0,0.2,0.0,0.0,0.2,7.67335271,0.92790408,83.0,2.29286072,95.29477396,0.10243903,0.80722892,0.06837606837606838,0.57264957,0.0,0.0,0.0,0.34188034,442.5675641025641,0.05982905982905983,'pdje'
61.41732283,6.35897436,22.6,17.41952927,28.25,33.25187965,0.031496062992125984,0.07086614,2.3858267716535435,3.937007874015748,7.086614173228346,0.0,0.0,0.0,(0.0,),0.05511811023622047,0.007874015748031496,0.11023622047244094,0.2440944881889764,0.12598425196850394,0.015748031496062992,0.05511811023622047,0.05511811023622047,0.03937007874015748,0.3125,0.11023622047244094,0.4330708661417323,0.29133858267716534,0.03149606,0.1023622,0.07692307692307693,0.07692307692307693,0.0,0.23076923076923078,0.07692307692307693,0.0,0.15384615384615385,0.07692307692307693,0.15384615384615385,0.15384615384615385,6.92138077,0.89936841,78.0,2.24076836,69.44821729,0.11999674,0.75641026,0.10236220472440945,0.46456693,0.007874015748031496,0.007874015748031496,0.015748031496062992,0.35433071,450.63598425196847,0.047244094488188976,'ve'
56.2962963,5.76315789,23.8,14.2323575,29.75,36.29996556,0.02962962962962963,0.08888889,2.22962962962963,2.962962962962963,8.148148148148149,0.0,0.0,0.0,(0.0,),0.02962962962962963,0.007407407407407408,0.13333333333333333,0.28888888888888886,0.1111111111111111,0.007407407407407408,0.044444444444444446,0.07407407407407407,0.014814814814814815,0.13333333333333336,0.1037037037037037,0.43703703703703706,0.31851851851851853,0.00740741,0.06666667,0.0,0.2222222222222222,0.0,0.4444444444444444,0.0,0.0,0.1111111111111111,0.1111111111111111,0.1111111111111111,0.0,6.54103854,0.88287273,76.0,2.21314399,60.41988054,0.12865008,0.75,0.0962962962962963,0.42222222,0.022222222222222223,0.037037037037037035,0.05925925925925926,0.36296296,437.4315925925926,0.06666666666666667,'sdeg'
56.2962963,5.76315789,23.8,14.2323575,29.75,36.29996556,0.02962962962962963,0.08888889,2.22962962962963,2.962962962962963,8.148148148148149,0.0,0.0,0.0,(0.0,),0.02962962962962963,0.007407407407407408,0.13333333333333333,0.28888888888888886,0.1111111111111111,0.007407407407407408,0.044444444444444446,0.07407407407407407,0.014814814814814815,0.13333333333333336,0.1037037037037037,0.43703703703703706,0.31851851851851853,0.00740741,0.06666667,0.0,0.2222222222222222,0.0,0.4444444444444444,0.0,0.0,0.1111111111111111,0.1111111111111111,0.1111111111111111,0.0,6.54103854,0.88287273,76.0,2.21314399,60.41988054,0.12865008,0.75,0.0962962962962963,0.42222222,0.022222222222222223,0.037037037037037035,0.05925925925925926,0.36296296,437.4315925925926,0.06666666666666667,'sdfi'
50.1010101,6.75806452,27.75,10.79641144,40.36363636,41.82490065,0.022222222222222223,0.07676768,2.2565656565656567,3.2323232323232323,5.252525252525253,0.0,0.6060606060606061,0.0,(0.0,),0.04242424242424243,0.012121212121212121,0.09696969696969697,0.2505050505050505,0.12727272727272726,0.024242424242424242,0.09494949494949495,0.06262626262626263,0.03434343434343434,0.2698412698412699,0.08080808080808081,0.46060606060606063,0.2868686868686869,0.01414141,0.06666667,0.06060606060606061,0.15151515151515152,0.06060606060606061,0.15151515151515152,0.09090909090909091,0.0,0.09090909090909091,0.0,0.15151515151515152,0.24242424242424243,11.14677106,0.88860946,248.0,2.51548322,80.35947232,0.11155305,0.75,0.05858585858585859,0.37575758,0.00808080808080808,0.01818181818181818,0.020202020202020204,0.36565657,439.7076464646465,0.05454545454545454,'mj'
53.57142857,6.24242424,47.5,38.70723447,71.25,106.79975421,0.012987012987012988,0.08766234,2.2759740259740258,1.948051948051948,2.5974025974025974,0.0,0.974025974025974,0.006493506493506494,(0.006493506493506494,),0.045454545454545456,0.006493506493506494,0.12012987012987013,0.2662337662337662,0.13636363636363635,0.01948051948051948,0.08116883116883117,0.045454545454545456,0.05844155844155844,0.4285714285714286,0.06168831168831169,0.4837662337662338,0.30194805194805197,0.00974026,0.09090909,0.07142857142857142,0.03571428571428571,0.0,0.17857142857142858,0.17857142857142858,0.0,0.14285714285714285,0.0,0.17857142857142858,0.21428571428571427,9.40174756,0.89107444,165.0,2.41730641,75.89391129,0.11478801,0.72727273,0.045454545454545456,0.38961039,0.012987012987012988,0.03571428571428571,0.045454545454545456,0.39285714,441.3626298701298,0.02922077922077922,'bmm'
32.14953271,7.30858806,23.04878049,11.78041206,36.32692308,54.6072414,0.024299065420560748,0.09626168,2.2542056074766355,3.7850467289719627,5.140186915887851,0.0,0.794392523364486,0.009345794392523364,(0.009345794392523364,),0.05,0.029439252336448597,0.08130841121495327,0.2261682242990654,0.12196261682242991,0.01588785046728972,0.11261682242990655,0.0705607476635514,0.058878504672897194,0.48275862068965514,0.058878504672897194,0.4785046728971963,0.2738317757009346,0.01168224,0.08411215,0.044444444444444446,0.12222222222222222,0.06111111111111111,0.1,0.05555555555555555,0.1,0.08333333333333333,0.005555555555555556,0.2111111111111111,0.21666666666666667,14.87241692,0.85202279,688.0,2.71828711,74.76418263,0.11565202,0.63081395,0.041121495327102804,0.20280374,0.009345794392523364,0.009345794392523364,0.009345794392523364,0.37897196,439.4995303738318,0.0602803738317757,'ve'
34.82587065,7.1375,24.8245614,14.21775861,34.48780488,33.40813538,0.025497512437810944,0.08395522,2.228855721393035,3.4203980099502487,5.348258706467662,0.0,0.746268656716418,0.013681592039800995,(0.013681592039800995,),0.05286069651741294,0.029850746268656716,0.07587064676616916,0.24191542288557213,0.12189054726368159,0.013059701492537313,0.10074626865671642,0.07027363184079602,0.055970149253731345,0.45918367346938777,0.05721393034825871,0.4937810945273632,0.26803482587064675,0.00746269,0.09266169,0.026845637583892617,0.1610738255033557,0.10067114093959731,0.087248322147651,0.053691275167785234,0.040268456375838924,0.09395973154362416,0.020134228187919462,0.2214765100671141,0.19463087248322147,13.96513071,0.85712503,560.0,2.67491543,74.5480598,0.11581954,0.68214286,0.04539800995024876,0.23756219,0.012437810945273632,0.012437810945273632,0.012437810945273632,0.38681592,437.3608457711443,0.05472636815920398,'sdeg'
52.52525253,6.85096154,36.2,12.52038338,36.2,51.40778151,0.025252525252525252,0.08838384,2.3813131313131315,2.525252525252525,5.303030303030303,0.0,0.25252525252525254,0.0,(0.0,),0.050505050505050504,0.03787878787878788,0.08080808080808081,0.21717171717171718,0.12878787878787878,0.030303030303030304,0.1111111111111111,0.06313131313131314,0.07323232323232323,0.5686274509803921,0.05303030303030303,0.47474747474747475,0.2727272727272727,0.01515152,0.0959596,0.02631578947368421,0.13157894736842105,0.05263157894736842,0.07894736842105263,0.07894736842105263,0.02631578947368421,0.10526315789473684,0.07894736842105263,0.3157894736842105,0.10526315789473684,10.45239328,0.89235386,208.0,2.4766205,80.16410889,0.1116889,0.69711538,0.050505050505050504,0.36616162,0.012626262626262626,0.025252525252525252,0.03787878787878788,0.39646465,450.2658964646465,0.045454545454545456,'sdfi'
44.22253923,7.11935484,27.47826087,12.15075437,57.45454545,65.5665708,0.015691868758915834,0.08701854,2.3067047075606277,3.138373751783167,5.420827389443652,0.0,0.8559201141226819,0.0,(0.0,),0.04850213980028531,0.025677603423680456,0.09272467902995721,0.2710413694721826,0.09700427960057062,0.009985734664764621,0.0884450784593438,0.07703281027104136,0.0442225392296719,0.45588235294117646,0.05563480741797432,0.5164051355206848,0.26676176890156916,0.01854494,0.09557775,0.029850746268656716,0.14925373134328357,0.07462686567164178,0.07462686567164178,0.014925373134328358,0.029850746268656716,0.11940298507462686,0.04477611940298507,0.26865671641791045,0.19402985074626866,11.70853841,0.87547736,310.0,2.55371815,75.91607865,0.11477125,0.7,0.04850213980028531,0.30955777,0.017118402282453638,0.028530670470756064,0.028530670470756064,0.38088445,443.94746790299575,0.05991440798858773,'mj'
43.8718663,7.13650794,33.5,28.07222827,67.0,88.18843462,0.013927576601671309,0.0821727,2.284122562674095,2.785515320334262,2.785515320334262,0.0,0.5571030640668524,0.0,(0.0,),0.04874651810584958,0.020891364902506964,0.10167130919220056,0.22841225626740946,0.13649025069637882,0.012534818941504178,0.12256267409470752,0.07799442896935933,0.08217270194986072,0.6020408163265306,0.054317548746518104,0.46657381615598886,0.3161559888579387,0.00835655,0.0724234,0.09615384615384616,0.057692307692307696,0.0,0.07692307692307693,0.038461538461538464,0.019230769230769232,0.11538461538461539,0.07692307692307693,0.23076923076923078,0.28846153846153844,11.75569559,0.87472048,315.0,2.55668647,75.73337024,0.11490961,0.71746032,0.04317548746518106,0.31476323,0.012534818941504178,0.027855153203342618,0.027855153203342618,0.42479109,442.04349582172705,0.054317548746518104,'bmm'
45.67526555,7.17607973,23.96,9.31871236,74.875,35.95635375,0.012139605462822459,0.08345979,2.3808801213960544,3.793626707132018,4.855842185128983,0.0,0.0,0.0,(0.0,),0.051593323216995446,0.03338391502276176,0.08801213960546282,0.26100151745068284,0.13808801213960548,0.007587253414264037,0.09256449165402124,0.0622154779969651,0.03793626707132018,0.2747252747252747,0.05918057663125948,0.5098634294385432,0.2883156297420334,0.01669196,0.06828528,0.0,0.06666666666666667,0.15555555555555556,0.17777777777777778,0.1111111111111111,0.022222222222222223,0.06666666666666667,0.022222222222222223,0.1111111111111111,0.26666666666666666,11.72529528,0.87927182,301.0,2.55136287,77.56378246,0.11354565,0.72425249,0.05614567526555387,0.33080425,0.004552352048558422,0.02276176024279211,0.02276176024279211,0.37481032,450.2189529590288,0.0622154779969651,'sdlmm'
48.30508475,5.66470588,14.0,7.12868724,18.11764706,10.06965361,0.0480225988700565,0.07909605,2.056497175141243,3.9548022598870056,3.9548022598870056,0.0,0.0,0.0,(0.0,),0.05084745762711865,0.05084745762711865,0.11016949152542373,0.192090395480226,0.09887005649717515,0.01694915254237288,0.1016949152542373,0.059322033898305086,0.08192090395480225,0.8285714285714285,0.02824858757062147,0.4774011299435028,0.268361581920904,0.00564972,0.07909605,0.0,0.10714285714285714,0.07142857142857142,0.03571428571428571,0.03571428571428571,0.07142857142857142,0.17857142857142858,0.03571428571428571,0.2857142857142857,0.17857142857142858,9.08854746,0.87602717,171.0,2.40686667,68.30210664,0.12099933,0.68421053,0.022598870056497175,0.33050847,0.00847457627118644,0.01977401129943503,0.022598870056497175,0.40677966,422.77165254237286,0.05367231638418079,'pdje'
56.06060606,5.64545455,10.375,7.42356889,10.375,5.34877322,0.08080808080808081,0.08585859,2.1616161616161618,4.040404040404041,3.0303030303030303,0.0,0.5050505050505051,0.0,(0.0,),0.06565656565656566,0.030303030303030304,0.09595959595959595,0.20202020202020202,0.10101010101010101,0.015151515151515152,0.09595959595959595,0.030303030303030304,0.10606060606060606,1.05,0.020202020202020204,0.46464646464646464,0.22727272727272727,0.01515152,0.08585859,0.058823529411764705,0.11764705882352941,0.058823529411764705,0.23529411764705882,0.11764705882352941,0.0,0.058823529411764705,0.058823529411764705,0.17647058823529413,0.11764705882352941,7.88842651,0.8905621,111.0,2.31767817,69.71402722,0.11976776,0.7027027,0.020202020202020204,0.39393939,0.015151515151515152,0.03535353535353535,0.04040404040404041,0.36868687,431.6667171717172,0.010101010101010102,'ve'
48.08743169,5.72159091,14.85714286,10.96003873,14.85714286,9.18220699,0.05737704918032787,0.08196721,2.098360655737705,2.185792349726776,5.737704918032787,1.092896174863388,0.819672131147541,0.00546448087431694,(0.00546448087431694,),0.04918032786885246,0.0273224043715847,0.07650273224043716,0.1830601092896175,0.09562841530054644,0.01092896174863388,0.1284153005464481,0.05191256830601093,0.1092896174863388,1.1428571428571428,0.0273224043715847,0.47540983606557374,0.22404371584699453,0.01912568,0.08469945,0.0,0.03225806451612903,0.03225806451612903,0.16129032258064516,0.06451612903225806,0.0,0.22580645161290322,0.03225806451612903,0.3225806451612903,0.12903225806451613,9.19966737,0.87596225,176.0,2.41395781,68.65409977,0.12068874,0.69886364,0.02185792349726776,0.33606557,0.01366120218579235,0.03278688524590164,0.03551912568306011,0.39617486,426.33135245901644,0.030054644808743168,'sdeg'
46.62162162,6.58937198,18.80952381,14.41103759,18.80952381,16.14110118,0.0472972972972973,0.08558559,2.349099099099099,2.9279279279279278,3.3783783783783785,0.0,2.4774774774774775,0.0,(0.0,),0.06756756756756757,0.04279279279279279,0.08558558558558559,0.24324324324324326,0.11261261261261261,0.02927927927927928,0.08333333333333333,0.04279279279279279,0.08108108108108109,0.7200000000000001,0.036036036036036036,0.5022522522522522,0.240990990990991,0.01801802,0.07882883,0.05714285714285714,0.2,0.0,0.14285714285714285,0.08571428571428572,0.0,0.14285714285714285,0.05714285714285714,0.14285714285714285,0.17142857142857143,9.82378526,0.874815,207.0,2.45282057,70.25135757,0.11930884,0.69082126,0.0472972972972973,0.32207207,0.02252252252252252,0.04279279279279279,0.04504504504504504,0.38513514,447.53906531531527,0.02927927927927928,'flg'
53.88739946,6.13432836,16.38095238,11.82602534,43.0,20.24228248,0.021447721179624665,0.0616622,2.0616621983914207,5.630026809651475,2.680965147453083,0.0,0.0,0.0,(0.0,),0.03485254691689008,0.09919571045576407,0.08579088471849866,0.1769436997319035,0.1126005361930295,0.01876675603217158,0.15013404825737264,0.06166219839142091,0.0938337801608579,0.8333333333333333,0.029490616621983913,0.514745308310992,0.26005361930294907,0.0080429,0.08310992,0.03225806451612903,0.0967741935483871,0.0,0.12903225806451613,0.03225806451612903,0.03225806451612903,0.06451612903225806,0.12903225806451613,0.12903225806451613,0.3548387096774194,10.4073855,0.89558975,201.0,2.47226957,81.82176968,0.11055174,0.73631841,0.029490616621983913,0.39678284,0.00804289544235925,0.013404825737265416,0.021447721179624665,0.42895442,423.19175603217155,0.032171581769437,'sdfi'
50.96153846,6.53773585,14.76923077,9.34923976,24.0,14.16862732,0.038461538461538464,0.10096154,2.2403846153846154,6.25,3.3653846153846154,0.0,0.0,0.0,(0.0,),0.08653846153846154,0.0673076923076923,0.07211538461538461,0.18269230769230768,0.08173076923076923,0.014423076923076924,0.14903846153846154,0.0625,0.052884615384615384,0.6470588235294118,0.0673076923076923,0.5480769230769231,0.21634615384615385,0.0,0.06730769,0.0,0.35714285714285715,0.0,0.0,0.0,0.07142857142857142,0.0,0.07142857142857142,0.14285714285714285,0.35714285714285715,7.3497776,0.87370601,106.0,2.28456898,60.97233656,0.12806592,0.6509434,0.0673076923076923,0.33173077,0.014423076923076924,0.038461538461538464,0.07211538461538461,0.39423077,438.30810096153846,0.038461538461538464,'sdmj'
44.96788009,5.83253589,15.11111111,9.25095924,27.2,18.31283703,0.032119914346895075,0.09207709,2.0663811563169165,4.0685224839400425,2.78372591006424,0.0,1.9271948608137044,0.0,(0.0,),0.057815845824411134,0.047109207708779445,0.08779443254817987,0.20342612419700215,0.11134903640256959,0.019271948608137045,0.11349036402569593,0.03640256959314775,0.11134903640256959,1.0,0.027837259100642397,0.47751605995717344,0.23554603854389722,0.01070664,0.09421842,0.045454545454545456,0.09090909090909091,0.0,0.1590909090909091,0.11363636363636363,0.045454545454545456,0.11363636363636363,0.045454545454545456,0.22727272727272727,0.1590909090909091,9.71764108,0.86996764,210.0,2.45014023,68.19285927,0.12109621,0.66666667,0.029978586723768737,0.29978587,0.023554603854389723,0.027837259100642397,0.03854389721627409,0.39400428,423.6073768736617,0.021413276231263382,'sdll'
50.50167224,6.06,15.58823529,7.54639628,15.58823529,5.25870509,0.056856187290969896,0.06354515,2.177257525083612,3.0100334448160537,2.6755852842809364,0.0,0.0,0.0,(0.0,),0.033444816053511704,0.026755852842809364,0.10367892976588629,0.23411371237458195,0.11371237458193979,0.013377926421404682,0.09698996655518395,0.026755852842809364,0.09698996655518395,0.8529411764705883,0.06688963210702341,0.46488294314381273,0.24414715719063546,0.00334448,0.09364548,0.07142857142857142,0.03571428571428571,0.03571428571428571,0.10714285714285714,0.10714285714285714,0.0,0.14285714285714285,0.03571428571428571,0.2857142857142857,0.17857142857142858,8.73255547,0.88015604,151.0,2.38117908,68.62257901,0.12071646,0.75496689,0.033444816053511704,0.3812709,0.013377926421404682,0.030100334448160536,0.03678929765886288,0.39464883,433.0004347826087,0.023411371237458192,'bmm'
52.03252033,7.0,38.55555556,20.12798555,31.54545455,33.81060521,0.02981029810298103,0.09485095,2.4634146341463414,2.168021680216802,3.252032520325203,0.0,0.5420054200542005,0.0,(0.0,),0.07588075880758807,0.018970189701897018,0.07588075880758807,0.2764227642276423,0.10298102981029811,0.013550135501355014,0.07588075880758807,0.04607046070460705,0.05420054200542006,0.5263157894736842,0.10298102981029811,0.5392953929539296,0.22493224932249323,0.01626016,0.06504065,0.20833333333333334,0.08333333333333333,0.0,0.041666666666666664,0.0,0.041666666666666664,0.20833333333333334,0.08333333333333333,0.125,0.20833333333333334,9.99512076,0.88947323,192.0,2.45299828,77.15304505,0.11384749,0.72395833,0.08672086720867209,0.37669377,0.016260162601626018,0.04878048780487805,0.05420054200542006,0.35230352,457.21787262872624,0.037940379403794036,'cb'
44.61538462,6.32758621,23.0,12.08304597,8.84615385,8.64555158,0.1,0.13076923,2.3846153846153846,3.8461538461538463,4.615384615384615,0.0,5.384615384615385,0.0,(0.0,),0.06153846153846154,0.0,0.05384615384615385,0.2076923076923077,0.16153846153846155,0.007692307692307693,0.05384615384615385,0.05384615384615385,0.007692307692307693,0.047619047619047616,0.18461538461538463,0.3923076923076923,0.2692307692307692,0.01538462,0.08461538,0.0,0.09090909090909091,0.0,0.0,0.0,0.0,0.18181818181818182,0.09090909090909091,0.36363636363636365,0.2727272727272727,5.08693651,0.83418886,58.0,2.08323947,42.35160425,0.1536615,0.5862069,0.07692307692307693,0.26153846,0.015384615384615385,0.08461538461538462,0.1,0.32307692,450.5266153846154,0.046153846153846156,'ve'
54.01459854,5.77027027,24.6,16.48757108,11.18181818,13.36085314,0.08029197080291971,0.09489051,2.3065693430656933,2.9197080291970803,3.6496350364963503,0.0,5.109489051094891,0.0,(0.0,),0.06569343065693431,0.021897810218978103,0.10218978102189781,0.19708029197080293,0.10948905109489052,0.029197080291970802,0.072992700729927,0.051094890510948905,0.0072992700729927005,0.06666666666666667,0.1386861313868613,0.43795620437956206,0.26277372262773724,0.01459854,0.08029197,0.09090909090909091,0.09090909090909091,0.0,0.0,0.0,0.0,0.36363636363636365,0.09090909090909091,0.18181818181818182,0.18181818181818182,6.32224667,0.87481337,74.0,2.19615598,56.69960181,0.13280365,0.68918919,0.058394160583941604,0.37226277,0.014598540145985401,0.043795620437956206,0.058394160583941604,0.33576642,443.9337226277372,0.014598540145985401,'sdeg'
43.35378323,6.70283019,31.78571429,17.74493317,24.72222222,58.53755258,0.03680981595092025,0.12678937,2.3844580777096116,2.658486707566462,3.6809815950920246,0.0,0.6134969325153374,0.0,(0.0,),0.06339468302658487,0.03067484662576687,0.10020449897750511,0.24948875255623723,0.11247443762781185,0.010224948875255624,0.09815950920245399,0.06339468302658487,0.04294478527607362,0.38181818181818183,0.06134969325153374,0.5112474437627812,0.27607361963190186,0.01431493,0.08179959,0.075,0.05,0.025,0.15,0.05,0.05,0.275,0.025,0.2,0.1,9.58697139,0.86503112,212.0,2.44612014,66.19074571,0.122914,0.59433962,0.05112474437627812,0.25766871,0.03067484662576687,0.0408997955010225,0.0408997955010225,0.37627812,450.53316973415133,0.04703476482617587,'sdfi'
38.37506387,7.29614874,36.95744681,32.01393144,96.5,81.13175156,0.009197751660705161,0.09146653,2.2355646397547266,2.401635155850792,6.745017884517118,0.0,0.20439448134900357,0.002043944813490036,(0.002043944813490036,),0.05314256515074093,0.01992846193152785,0.0802248339294839,0.23556463975472663,0.12161471640265713,0.01992846193152785,0.08124680633622892,0.07358201328564129,0.05825242718446602,0.4789915966386555,0.07920286152273888,0.4517118037812979,0.2754215636177823,0.01328564,0.08635667,0.05325443786982249,0.14201183431952663,0.047337278106508875,0.14201183431952663,0.04142011834319527,0.047337278106508875,0.08875739644970414,0.029585798816568046,0.24260355029585798,0.16568047337278108,16.97635796,0.87363226,751.0,2.76824299,86.52863596,0.10750287,0.69507324,0.05569749616760347,0.2667348,0.010219724067450179,0.010219724067450179,0.010219724067450179,0.37864078,437.93887327542154,0.04803270311701584,'bmm'
25.43507363,7.05945946,36.11111111,37.60450459,10.48387097,5.06965016,0.08299866131191433,0.18875502,2.3801874163319945,2.4096385542168677,3.4805890227576977,0.0,1.8741633199464525,0.0,(0.0,),0.08032128514056225,0.0321285140562249,0.107095046854083,0.21686746987951808,0.0749665327978581,0.020080321285140562,0.06693440428380187,0.06559571619812583,0.02677376171352075,0.35714285714285715,0.06693440428380187,0.5100401606425703,0.24765729585006693,0.01606426,0.07095047,0.0,0.07547169811320754,0.03773584905660377,0.03773584905660377,0.07547169811320754,0.03773584905660377,0.03773584905660377,0.0,0.24528301886792453,0.4528301886792453,6.95173647,0.79307321,190.0,2.32579439,46.1272538,0.14723844,0.06842105,0.028112449799196786,0.01740295,0.02677376171352075,0.02677376171352075,0.02677376171352075,0.33868809,450.1703212851405,0.0642570281124498,'fadj'
19.25,6.93782383,29.24590164,28.46721193,9.53475936,4.51054858,0.0935,0.1475,2.35,3.05,4.55,0.0,0.8,0.003,(0.003,),0.074,0.0225,0.0745,0.218,0.1055,0.005,0.0755,0.0525,0.0585,0.5545023696682465,0.102,0.489,0.2325,0.0175,0.0705,0.09929078014184398,0.20567375886524822,0.0070921985815602835,0.14184397163120568,0.04964539007092199,0.028368794326241134,0.12056737588652482,0.0,0.19148936170212766,0.15602836879432624,8.60886171,0.78322849,385.0,2.48592504,50.58683284,0.14059868,0.10649351,0.033,0.0205,0.01,0.01,0.01,0.351,447.6059225,0.032,'fadj'
26.53386454,7.64264264,46.375,22.63627712,92.75,68.9759922,0.009561752988047808,0.18087649,2.40398406374502,1.9123505976095618,8.127490039840637,0.0,0.6374501992031872,0.0,(0.0,),0.09243027888446215,0.009561752988047808,0.09243027888446215,0.23745019920318725,0.1099601593625498,0.022310756972111555,0.07330677290836653,0.06374501992031872,0.055776892430278883,0.5072463768115942,0.06135458167330677,0.47808764940239046,0.2661354581673307,0.01115538,0.07410359,0.03225806451612903,0.06451612903225806,0.08602150537634409,0.13978494623655913,0.043010752688172046,0.043010752688172046,0.053763440860215055,0.021505376344086023,0.22580645161290322,0.2903225806451613,9.39988133,0.81404784,333.0,2.49115072,55.35548324,0.13440632,0.19219219,0.0398406374501992,0.05099602,0.01593625498007968,0.01593625498007968,0.01593625498007968,0.35537849,452.1926414342629,0.05099601593625498,'flg'
10.72144289,7.63364486,57.7012987,35.89887128,79.33928571,60.20686861,0.011222444889779559,0.09579158,2.4268537074148298,1.5430861723446894,9.238476953907815,0.0,0.32064128256513025,0.0,(0.0,),0.05190380761523046,0.016633266533066134,0.06753507014028057,0.25170340681362724,0.10160320641282565,0.015430861723446893,0.1094188376753507,0.0847695390781563,0.047094188376753505,0.4635108481262327,0.06492985971943888,0.4967935871743487,0.2539078156312625,0.00601202,0.06873747,0.10204081632653061,0.12536443148688048,0.05539358600583091,0.13411078717201166,0.052478134110787174,0.011661807580174927,0.07580174927113703,0.061224489795918366,0.13994169096209913,0.24198250728862974,7.57361997,0.73777166,535.0,2.50452686,46.84781266,0.14610172,0.00186916,0.01282565130260521,0.0002004,0.004008016032064128,0.004008016032064128,0.004008016032064128,0.33967936,454.1293306613226,0.0655310621242485,'isamarmar ma'
61.76470588,6.06349206,30.0,16.26857912,10.0,3.60555128,0.08823529411764706,0.06372549,2.196078431372549,2.9411764705882355,8.823529411764707,0.0,0.9803921568627451,0.0,(0.0,),0.06372549019607843,0.024509803921568627,0.08823529411764706,0.21568627450980393,0.1323529411764706,0.0196078431372549,0.10294117647058823,0.06372549019607843,0.09313725490196079,0.7037037037037037,0.029411764705882353,0.44607843137254904,0.28431372549019607,0.00980392,0.08823529,0.0,0.16666666666666666,0.0,0.16666666666666666,0.0,0.0,0.1111111111111111,0.05555555555555555,0.3333333333333333,0.16666666666666666,8.82176453,0.90939691,126.0,2.37348062,84.68172135,0.10866887,0.76190476,0.04411764705882353,0.47058824,0.004901960784313725,0.00980392156862745,0.014705882352941176,0.37254902,434.59338235294115,0.0196078431372549,'sdllr'
56.39097744,5.60402685,18.69230769,14.06241371,22.09090909,22.59708165,0.041353383458646614,0.08270677,2.101503759398496,4.887218045112782,1.8796992481203008,0.0,0.7518796992481203,0.007518796992481203,(0.007518796992481203,),0.041353383458646614,0.06390977443609022,0.07142857142857142,0.17293233082706766,0.10150375939849623,0.015037593984962405,0.10902255639097744,0.05639097744360902,0.10526315789473684,1.037037037037037,0.07518796992481203,0.48872180451127817,0.22932330827067668,0.0112782,0.10150376,0.1111111111111111,0.037037037037037035,0.037037037037037035,0.037037037037037035,0.0,0.037037037037037035,0.1111111111111111,0.0,0.3333333333333333,0.2962962962962963,9.19709009,0.89740102,150.0,2.40165262,78.51230681,0.11285768,0.71333333,0.07142857142857142,0.40225564,0.011278195488721804,0.018796992481203006,0.022556390977443608,0.40601504,426.5726127819549,0.03007518796992481,'td'
28.45714286,6.64257028,29.96153846,23.16907881,11.28985507,3.54720322,0.07885714285714286,0.18742857,2.2285714285714286,2.9714285714285715,6.857142857142857,0.0,0.45714285714285713,0.0,(0.0,),0.04228571428571429,0.029714285714285714,0.10285714285714286,0.21257142857142858,0.11657142857142858,0.012571428571428572,0.10857142857142857,0.060571428571428575,0.08228571428571428,0.7058823529411764,0.05142857142857143,0.45714285714285713,0.28,0.00914286,0.07657143,0.0,0.1044776119402985,0.04477611940298507,0.14925373134328357,0.05970149253731343,0.014925373134328358,0.05970149253731343,0.11940298507462686,0.23880597014925373,0.208955223880597,8.41773638,0.81447749,249.0,2.42032005,52.67899529,0.13777844,0.17269076,0.025142857142857144,0.04914286,0.022857142857142857,0.022857142857142857,0.022857142857142857,0.38971429,437.34198285714285,0.045714285714285714,'sdllr'
74.44444444,6.31343284,27.33333333,8.33999734,7.45454545,3.89320238,0.12222222222222222,0.03333333,2.388888888888889,3.3333333333333335,5.555555555555555,0.0,0.0,0.0,(0.0,),0.022222222222222223,0.0,0.1,0.26666666666666666,0.15555555555555556,0.022222222222222223,0.1,0.03333333333333333,0.07777777777777778,0.5,0.08888888888888889,0.43333333333333335,0.28888888888888886,0.02222222,0.05555556,0.2,0.0,0.0,0.0,0.0,0.2,0.2,0.0,0.4,0.0,7.06242011,0.93441566,67.0,2.24783998,98.98480365,0.1005115,0.85074627,0.06666666666666667,0.63333333,0.0,0.0,0.0,0.37777778,450.86733333333336,0.03333333333333333,'sdllr'
61.57635468,6.92,22.625,11.83149927,36.2,28.95099307,0.024630541871921183,0.06896552,2.522167487684729,2.955665024630542,5.911330049261084,0.49261083743842365,0.0,0.0,(0.0,),0.019704433497536946,0.014778325123152709,0.11822660098522167,0.2660098522167488,0.08866995073891626,0.009852216748768473,0.08374384236453201,0.054187192118226604,0.04433497536945813,0.5,0.10344827586206896,0.4729064039408867,0.26108374384236455,0.0,0.09359606,0.0,0.05263157894736842,0.0,0.05263157894736842,0.05263157894736842,0.15789473684210525,0.15789473684210525,0.05263157894736842,0.10526315789473684,0.3684210526315789,8.77328008,0.90873829,125.0,2.37064564,83.9929063,0.10911355,0.768,0.09359605911330049,0.4729064,0.009852216748768473,0.014778325123152709,0.019704433497536946,0.38423645,462.1803694581281,0.04433497536945813,'cb'
11.42428786,7.41677588,29.79187817,18.58830851,10.57477477,4.51457037,0.08320839580209895,0.09010495,2.258770614692654,2.5187406296851576,7.286356821589205,0.05997001499250375,0.1199400299850075,0.0014992503748125937,(0.0014992503748125937,),0.042278860569715145,0.024587706146926538,0.08530734632683658,0.21979010494752624,0.11184407796101949,0.022788605697151423,0.10299850074962519,0.06506746626686656,0.07166416791604198,0.6407506702412868,0.05712143928035982,0.45937031484257873,0.26221889055472264,0.00884558,0.094003,0.0685805422647528,0.0733652312599681,0.030303030303030304,0.10207336523125997,0.046251993620414676,0.0733652312599681,0.08293460925039872,0.06379585326953748,0.30303030303030304,0.15629984051036683,9.33022366,0.75362451,762.0,2.61064996,51.56142451,0.13926358,0.10104987,0.01664167916041979,0.01154423,0.0029985007496251873,0.0029985007496251873,0.0029985007496251873,0.3922039,439.89929835082455,0.04782608695652174,'flg'
47.2,6.8559322,35.83333333,19.56541734,86.0,161.03043191,0.01,0.088,2.262,2.2,9.4,0.0,0.8,0.012,(0.012,),0.036,0.04,0.096,0.188,0.094,0.014,0.122,0.08,0.078,0.8297872340425532,0.078,0.428,0.27,0.004,0.084,0.023809523809523808,0.23809523809523808,0.0,0.047619047619047616,0.023809523809523808,0.047619047619047616,0.047619047619047616,0.07142857142857142,0.2857142857142857,0.21428571428571427,10.55424085,0.87919169,236.0,2.49101531,74.21496405,0.11607916,0.69915254,0.08,0.33,0.01,0.02,0.034,0.36,440.17584,0.06,'sjbi'
14.00368518,7.7406015,40.6,18.06211505,10.81818182,4.26454897,0.08396946564885496,0.11318768,2.439326138457489,2.316399052382206,4.395893656225322,0.0,0.7896814951302974,0.008423269281389839,(0.008423269281389839,),0.05290866017372993,0.01579362990260595,0.0939720979205054,0.2587523032376941,0.1134509081337194,0.018952355883127138,0.08449591997894183,0.0631745196104238,0.04369570939720979,0.3851508120649652,0.08133719399842064,0.5022374309028692,0.2705975256646486,0.01500395,0.07001843,0.04887218045112782,0.12030075187969924,0.007518796992481203,0.12030075187969924,0.03007518796992481,0.011278195488721804,0.13533834586466165,0.07142857142857142,0.2631578947368421,0.19172932330827067,8.63131538,0.76149817,532.0,2.53518195,49.85875463,0.14162153,0.08270677,0.025533035009212952,0.011582,0.0052645433008686494,0.0052645433008686494,0.0052645433008686494,0.37878389,455.1731363516715,0.04606475388260069,'cb'
15.30979827,7.03058824,44.39285714,37.34045995,31.87179487,44.90741443,0.028097982708933718,0.11851585,2.3245677233429394,1.585014409221902,6.664265129682997,0.0,0.07204610951008646,0.001440922190201729,(0.001440922190201729,),0.05367435158501441,0.027737752161383286,0.08033141210374639,0.2669308357348703,0.11419308357348704,0.015129682997118156,0.0925792507204611,0.07636887608069164,0.04755043227665706,0.416403785488959,0.06412103746397695,0.4942363112391931,0.27089337175792505,0.00576369,0.08285303,0.034782608695652174,0.1,0.0391304347826087,0.12173913043478261,0.0391304347826087,0.017391304347826087,0.11739130434782609,0.034782608695652174,0.22608695652173913,0.26956521739130435,8.06638969,0.7633078,425.0,2.48340723,48.32770915,0.14384736,0.10352941,0.02089337175792507,0.01585014,0.007204610951008645,0.007204610951008645,0.007204610951008645,0.35662824,445.4663724783861,0.050792507204610954,'sdrm'
