DiversidadeLexica,TamanhoMedioDasPalavras,TamanhoMedioSentencas,StdevSentencas,TamanhoMedioParagrafos,StdevTamParagrafos,Ponto,Virgulas,PontoEVirgula,Exclamacoes,DoisPontos,Travessao,E,Mas,Porem,Se,Isto,Mais,Precisa,Pode,Esse,Muito,FreqAdjetivos,FreqAdv,FreqArt,FreqSubs,FreqPrep,FreqVerb,FreqVerbosPtcp,FreqConj,FreqPronomes,FreqTermosNaoTageados,FreqPalavrasErradas,FreqVogais,FreqLetrasA,FreqLetrasE,FreqLetrasI,FreqLetrasO,FreqLetrasU,FrequenciaConsoantes,FrequenciaDeHapaxLegomenaLocal,FrequenciaDeBigrams,FrequenciaDeTrigrams,FrequenciaDeQuadrigrams,TamanhoMaisFrequenteDePalavras,TamanhoMaiorPalavra,GuiraudR,HerdanC,HerdanV,MedidaK,DugastU,MaasA,MedidaLN,HonoresH,Author
54.44015444,6.21276596,29.375,8.98523094,39.16666667,9.24511883,3.088803088803089,4.633204633204633,0.0,0.0,0.0,0.0,3.474903474903475,0.0,0.0,0.3861003861003861,0.0,0.0,0.0,0.3861003861003861,0.0,0.3861003861003861,0.07335907335907337,0.019305019305019305,0.07335907335907337,0.19305019305019305,0.03861003861003861,0.03861003861003861,0.09652509652509653,0.0694980694980695,0.08494208494208494,0.09266409266409266,0.08108108108108109,2.166023166023166,0.6293436293436293,0.6216216216216216,0.27413127413127414,0.4671814671814672,0.17374517374517376,2.698841698841699,0.38996139,0.03088803088803089,0.04633204633204633,0.05791505791505792,5,15,8.7613137,0.89057279,141.0,2.37745083,73.26156401,0.11683203,-0.12473165,0.71631206,'ANNBIALEA'
44.30379747,6.41714286,29.66666667,14.55067772,44.5,24.19710727,2.7848101265822787,5.3164556962025316,0.5063291139240507,0.25316455696202533,0.0,0.0,2.5316455696202533,0.5063291139240507,0.0,1.2658227848101267,0.0,0.0,0.0,0.0,0.0,0.0,0.020253164556962026,0.0379746835443038,0.11645569620253164,0.189873417721519,0.035443037974683546,0.02278481012658228,0.14430379746835442,0.06582278481012659,0.10379746835443038,0.07848101265822785,0.0379746835443038,2.1569620253164556,0.6050632911392405,0.6379746835443038,0.26582278481012656,0.40759493670886077,0.24050632911392406,2.470886075949367,0.26075949,0.0379746835443038,0.05063291139240506,0.05063291139240506,2,15,8.80520559,0.86383754,175.0,2.39693367,63.34865625,0.12564097,-0.11592872,0.58857143,'PDJE'
52.64797508,6.53846154,32.44444444,16.80681813,97.33333333,9.80929265,2.803738317757009,4.984423676012461,0.0,0.0,0.0,0.9345794392523364,0.6230529595015576,0.3115264797507788,0.0,0.6230529595015576,0.0,0.0,0.0,0.3115264797507788,0.6230529595015576,0.0,0.04672897196261682,0.024922118380062305,0.08099688473520249,0.1838006230529595,0.06542056074766354,0.028037383177570093,0.1059190031152648,0.04361370716510903,0.09034267912772585,0.08099688473520249,0.07165109034267912,2.2461059190031154,0.46417445482866043,0.6635514018691588,0.40186915887850466,0.5295950155763239,0.18691588785046728,2.5763239875389408,0.36448598,0.012461059190031152,0.024922118380062305,0.03426791277258567,2,17,9.43266017,0.8888419,169.0,2.42040891,74.90619004,0.11554234,-0.12009529,0.69230769,'FADJ'
80.70175439,5.0,25.0,6.0,50.0,0.0,3.508771929824561,8.771929824561404,0.0,0.0,0.0,0.0,1.7543859649122806,0.0,0.0,1.7543859649122806,0.0,0.0,0.0,0.0,0.0,0.0,0.14035087719298245,0.017543859649122806,0.03508771929824561,0.19298245614035087,0.03508771929824561,0.0,0.14035087719298245,0.07017543859649122,0.10526315789473684,0.08771929824561403,0.07017543859649122,2.0,0.543859649122807,0.631578947368421,0.2982456140350877,0.2982456140350877,0.22807017543859648,2.245614035087719,0.68421053,0.0,0.0,0.0,3,11,6.09284884,0.9469683,46.0,2.17103151,109.98874827,0.09535114,-0.17136058,0.84782609,'SDJME'
50.3164557,6.52830189,19.5,7.68811699,39.0,15.92841127,4.430379746835443,6.329113924050633,0.0,0.0,2.2151898734177213,0.0,2.5316455696202533,0.0,0.31645569620253167,1.2658227848101267,0.0,0.6329113924050633,0.0,0.0,0.0,0.0,0.05063291139240506,0.03164556962025317,0.11392405063291139,0.21518987341772153,0.03164556962025317,0.022151898734177215,0.10759493670886076,0.06645569620253164,0.07278481012658228,0.060126582278481014,0.04746835443037975,2.079113924050633,0.5253164556962026,0.5379746835443038,0.3449367088607595,0.4873417721518987,0.18354430379746836,2.2183544303797467,0.36708861,0.0031645569620253164,0.0031645569620253164,0.0031645569620253164,2,15,8.94444881,0.88066908,159.0,2.39470782,69.58616238,0.11987774,-0.12042231,0.72955975,'JC'
52.65486726,6.83613445,26.86666667,14.40308609,80.6,74.81604106,3.3185840707964602,4.424778761061947,1.3274336283185841,0.0,0.4424778761061947,0.0,3.3185840707964602,0.8849557522123894,0.0,0.6637168141592921,0.0,0.22123893805309736,0.0,0.4424778761061947,0.0,0.0,0.046460176991150445,0.033185840707964605,0.07964601769911504,0.21902654867256638,0.033185840707964605,0.022123893805309734,0.11061946902654868,0.0752212389380531,0.08849557522123894,0.06415929203539823,0.046460176991150445,2.168141592920354,0.5619469026548672,0.6969026548672567,0.37831858407079644,0.3893805309734513,0.1415929203539823,2.5486725663716814,0.37168142,0.015486725663716814,0.024336283185840708,0.030973451327433628,2,16,11.19457833,0.89508589,238.0,2.51362641,84.07047648,0.1090632,-0.11337438,0.70588235,'SDFI'
69.23076923,5.67901235,26.75,14.11338018,107.0,0.0,3.4188034188034186,5.128205128205129,0.0,0.0,0.0,0.0,2.5641025641025643,0.0,0.0,0.8547008547008547,0.0,0.0,0.0,0.8547008547008547,0.0,0.0,0.05128205128205128,0.017094017094017096,0.08547008547008547,0.2222222222222222,0.03418803418803419,0.017094017094017096,0.1452991452991453,0.07692307692307693,0.07692307692307693,0.042735042735042736,0.02564102564102564,2.1025641025641026,0.6068376068376068,0.6239316239316239,0.2905982905982906,0.4358974358974359,0.1452991452991453,2.358974358974359,0.55555556,0.0,0.0,0.0,2,11,7.48845265,0.92278216,81.0,2.28020442,88.97380203,0.10601539,-0.1455305,0.80246914,'BMM'
57.70308123,6.43203883,17.77777778,8.93529553,320.0,0.0,5.042016806722689,3.081232492997199,0.2801120448179272,0.0,0.2801120448179272,0.2801120448179272,1.680672268907563,0.0,0.0,0.2801120448179272,0.0,1.1204481792717087,0.0,0.5602240896358543,0.0,0.0,0.06722689075630252,0.047619047619047616,0.05322128851540616,0.21008403361344538,0.036414565826330535,0.025210084033613446,0.1092436974789916,0.047619047619047616,0.0896358543417367,0.08403361344537816,0.08123249299719888,2.1848739495798317,0.6218487394957983,0.6582633053221288,0.3585434173669468,0.40896358543417366,0.13725490196078433,2.473389355742297,0.45378151,0.008403361344537815,0.014005602240896359,0.01680672268907563,3,15,10.90267615,0.90645044,206.0,2.49235847,90.64478769,0.10503368,-0.11792481,0.78640777,'GNEM'
54.40613027,6.26056338,22.9,8.57263087,114.5,14.5,3.8314176245210727,3.8314176245210727,0.3831417624521073,0.0,3.4482758620689653,0.0,1.1494252873563218,0.0,0.0,0.3831417624521073,0.0,2.681992337164751,0.0,0.0,0.0,0.3831417624521073,0.04597701149425287,0.06896551724137931,0.09195402298850575,0.15708812260536398,0.034482758620689655,0.034482758620689655,0.12643678160919541,0.034482758620689655,0.08812260536398467,0.07279693486590039,0.04597701149425287,2.0842911877394634,0.5632183908045977,0.5823754789272031,0.32950191570881227,0.38697318007662834,0.2222222222222222,2.4367816091954024,0.39846743,0.01532567049808429,0.034482758620689655,0.04980842911877394,2,19,8.78957934,0.89061171,142.0,2.37926478,73.38908297,0.11673048,-0.12455931,0.73239437,'JC'
63.73056995,5.80487805,20.5,6.53834842,54.66666667,10.53037933,4.1450777202072535,8.290155440414507,0.0,0.0,0.5181347150259067,0.0,2.0725388601036268,0.0,0.0,0.0,0.0,0.5181347150259067,0.0,0.0,0.5181347150259067,0.0,0.06735751295336788,0.031088082901554404,0.05181347150259067,0.20207253886010362,0.025906735751295335,0.02072538860103627,0.06217616580310881,0.05181347150259067,0.06735751295336788,0.07253886010362694,0.05699481865284974,1.922279792746114,0.49740932642487046,0.533678756476684,0.32124352331606215,0.43523316062176165,0.13471502590673576,2.295336787564767,0.47668394,0.02072538860103627,0.025906735751295335,0.031088082901554404,2,13,8.85373373,0.91439628,123.0,2.37386078,88.69307828,0.10618304,-0.13170096,0.74796748,'SDJME'
67.51592357,6.59433962,20.42857143,7.08836356,143.0,0.0,4.45859872611465,4.45859872611465,0.0,0.0,0.0,0.0,1.2738853503184713,0.0,0.0,0.0,0.0,2.5477707006369426,0.0,0.0,0.0,0.0,0.05732484076433121,0.050955414012738856,0.08280254777070063,0.2356687898089172,0.03821656050955414,0.03184713375796178,0.12101910828025478,0.025477707006369428,0.08280254777070063,0.044585987261146494,0.050955414012738856,2.254777070063694,0.5668789808917197,0.643312101910828,0.3375796178343949,0.5732484076433121,0.1337579617834395,2.8471337579617835,0.53503185,0.006369426751592357,0.006369426751592357,0.006369426751592357,2,16,8.45972098,0.92231258,106.0,2.34681285,93.89706059,0.10319865,-0.13707512,0.79245283,'BMM'
56.2962963,6.01973684,22.27272727,11.97794116,81.66666667,61.0482505,2.962962962962963,1.8518518518518519,0.0,0.37037037037037035,2.5925925925925926,0.0,2.2222222222222223,0.0,0.0,0.7407407407407407,0.0,0.7407407407407407,0.0,0.37037037037037035,0.0,0.0,0.040740740740740744,0.037037037037037035,0.11851851851851852,0.2074074074074074,0.037037037037037035,0.037037037037037035,0.12962962962962962,0.044444444444444446,0.08888888888888889,0.04814814814814815,0.04814814814814815,2.033333333333333,0.5111111111111111,0.5814814814814815,0.3074074074074074,0.4185185185185185,0.21481481481481482,2.2074074074074073,0.42592593,0.011111111111111112,0.025925925925925925,0.02962962962962963,3,15,9.25042542,0.8973744,152.0,2.40492393,78.70175899,0.11272177,-0.12380581,0.75657895,'JC'
57.37179487,6.08379888,18.66666667,18.66071334,23.33333333,16.77465019,3.2051282051282053,4.487179487179487,0.0,0.0,0.9615384615384616,0.0,1.9230769230769231,0.0,0.0,0.32051282051282054,0.0,0.0,0.0,0.32051282051282054,0.32051282051282054,0.0,0.041666666666666664,0.028846153846153848,0.09935897435897435,0.20833333333333334,0.05128205128205128,0.022435897435897436,0.08012820512820513,0.041666666666666664,0.041666666666666664,0.0673076923076923,0.060897435897435896,2.1121794871794872,0.5032051282051282,0.5833333333333334,0.3814102564102564,0.5032051282051282,0.14102564102564102,2.3814102564102564,0.44230769,0.009615384615384616,0.019230769230769232,0.022435897435897436,2,18,10.13387946,0.90325316,179.0,2.45325022,85.64003377,0.10805916,-0.12069043,0.77094972,'TD'
60.70038911,6.3974359,17.38461538,15.27964187,56.5,57.51738868,3.8910505836575875,4.669260700389105,0.0,0.0,1.556420233463035,0.0,5.058365758754864,0.0,0.0,0.7782101167315175,0.0,0.0,0.0,0.38910505836575876,0.0,0.0,0.07003891050583658,0.023346303501945526,0.07392996108949416,0.20622568093385213,0.04669260700389105,0.019455252918287938,0.09727626459143969,0.06614785992217899,0.0622568093385214,0.09727626459143969,0.054474708171206226,2.178988326848249,0.5719844357976653,0.5447470817120622,0.4046692607003891,0.44357976653696496,0.2140077821011673,2.3735408560311284,0.48249027,0.011673151750972763,0.01556420233463035,0.01556420233463035,2,16,9.73101264,0.91003546,156.0,2.4276469,88.9864445,0.10600786,-0.12490705,0.79487179,'SDJME'
56.04651163,6.38174274,16.95238095,9.90659324,59.33333333,45.88633299,4.4186046511627906,3.7209302325581395,2.7906976744186047,0.0,4.4186046511627906,0.46511627906976744,2.3255813953488373,0.0,0.0,0.23255813953488372,0.0,0.0,0.0,0.0,0.0,0.0,0.044186046511627906,0.020930232558139535,0.07674418604651163,0.2302325581395349,0.03255813953488372,0.011627906976744186,0.07209302325581396,0.044186046511627906,0.06744186046511629,0.10697674418604651,0.09767441860465116,1.9744186046511627,0.44883720930232557,0.5744186046511628,0.3023255813953488,0.4744186046511628,0.1744186046511628,2.23953488372093,0.45348837,0.002325581395348837,0.009302325581395349,0.01627906976744186,2,16,11.62205201,0.90451702,241.0,2.52889972,91.62044324,0.10447294,-0.11430735,0.80912863,'BMM'
57.74647887,6.11382114,37.2,17.31357849,186.0,0.0,1.8779342723004695,4.694835680751174,0.9389671361502347,0.0,0.4694835680751174,0.0,1.408450704225352,0.4694835680751174,0.0,0.0,0.0,0.9389671361502347,0.4694835680751174,0.0,0.0,0.0,0.056338028169014086,0.014084507042253521,0.12206572769953052,0.22065727699530516,0.03286384976525822,0.009389671361502348,0.1267605633802817,0.06103286384976526,0.046948356807511735,0.07981220657276995,0.051643192488262914,2.1267605633802815,0.6291079812206573,0.48826291079812206,0.37089201877934275,0.4225352112676056,0.215962441314554,2.384976525821596,0.3943662,0.004694835680751174,0.009389671361502348,0.023474178403755867,2,21,8.42782113,0.8975792,123.0,2.35232055,75.51893692,0.11507264,-0.12927879,0.68292683,'PDJE'
58.79120879,6.14953271,28.16666667,12.66776311,42.25,5.06828373,3.2967032967032965,4.945054945054945,0.0,0.0,0.0,0.0,1.6483516483516483,0.0,0.0,1.6483516483516483,0.0,1.098901098901099,0.0,0.5494505494505495,0.0,0.0,0.06043956043956044,0.04395604395604396,0.08791208791208792,0.22527472527472528,0.04945054945054945,0.005494505494505495,0.10989010989010989,0.054945054945054944,0.054945054945054944,0.03296703296703297,0.054945054945054944,2.1153846153846154,0.6538461538461539,0.510989010989011,0.31868131868131866,0.4725274725274725,0.15934065934065933,2.5164835164835164,0.41208791,0.005494505494505495,0.01098901098901099,0.027472527472527472,1,21,7.93136769,0.89792906,107.0,2.3179384,73.55467349,0.11659901,-0.13318327,0.70093458,'VE'
53.48837209,6.79710145,33.42857143,16.89342343,234.0,0.0,2.3255813953488373,6.2015503875969,0.0,0.0,0.0,0.0,1.937984496124031,0.0,0.0,0.0,0.0,0.7751937984496124,0.0,0.0,0.0,0.3875968992248062,0.05813953488372093,0.027131782945736434,0.1124031007751938,0.22093023255813954,0.046511627906976744,0.023255813953488372,0.11627906976744186,0.04263565891472868,0.08527131782945736,0.03875968992248062,0.046511627906976744,2.1589147286821704,0.4728682170542636,0.6589147286821705,0.2751937984496124,0.5310077519379846,0.22093023255813954,2.496124031007752,0.37209302,0.01937984496124031,0.03488372093023256,0.03875968992248062,3,21,8.59150473,0.88732029,138.0,2.36791118,71.09733373,0.1185969,-0.12481827,0.69565217,'SDFI'
50.16286645,6.48051948,41.14285714,36.69732793,96.0,40.79215611,2.2801302931596092,4.88599348534202,0.0,0.0,0.0,0.0,3.9087947882736156,0.0,0.0,0.3257328990228013,0.0,0.0,0.0,0.0,0.0,0.3257328990228013,0.03908794788273615,0.05211726384364821,0.13680781758957655,0.19543973941368079,0.019543973941368076,0.009771986970684038,0.14332247557003258,0.06188925081433225,0.0749185667752443,0.06840390879478828,0.04234527687296417,2.182410423452769,0.5765472312703583,0.6091205211726385,0.3289902280130293,0.48534201954397393,0.18241042345276873,2.514657980456026,0.33224756,0.016286644951140065,0.029315960912052116,0.04234527687296417,3,21,8.78924424,0.87953318,154.0,2.38528421,68.5839864,0.12075042,-0.12102958,0.66233766,'SSML'
48.14371257,7.34825871,21.61764706,16.63627275,122.5,131.59248965,3.3532934131736525,6.107784431137724,1.0778443113772456,0.0,0.23952095808383234,0.0,4.431137724550898,0.23952095808383234,0.0,0.9580838323353293,0.23952095808383234,0.8383233532934131,0.11976047904191617,0.23952095808383234,0.0,0.11976047904191617,0.055089820359281436,0.0407185628742515,0.09461077844311377,0.19041916167664671,0.02874251497005988,0.025149700598802394,0.12215568862275449,0.07784431137724551,0.059880239520958084,0.06706586826347305,0.059880239520958084,2.1904191616766466,0.6263473053892216,0.5892215568862276,0.3844311377245509,0.43353293413173655,0.1568862275449102,2.524550898203593,0.3748503,0.003592814371257485,0.008383233532934131,0.013173652694610778,2,26,13.91178366,0.89134343,402.0,2.63846318,89.32393735,0.10580741,-0.10303232,0.77860697,'SDLMM'
45.33479693,7.53026634,34.625,13.40339665,415.5,407.5,2.6344676180021955,6.0373216245883645,0.0,0.0,0.0,0.0,3.402854006586169,0.10976948408342481,0.21953896816684962,0.43907793633369924,0.10976948408342481,0.10976948408342481,0.0,0.0,0.0,0.10976948408342481,0.07683863885839737,0.024149286498353458,0.10757409440175632,0.2239297475301866,0.06147091108671789,0.01646542261251372,0.09549945115257959,0.06037321624588365,0.06805708013172337,0.04939626783754116,0.04939626783754116,2.2821075740944017,0.610318331503842,0.6212952799121844,0.38419319429198684,0.5159165751920965,0.150384193194292,2.660812294182217,0.32930845,0.013172338090010977,0.021953896816684963,0.021953896816684963,2,22,13.68330045,0.88391073,413.0,2.63542248,84.68747645,0.10866518,-0.10171528,0.72639225,'SDFI'
44.83568075,6.32460733,19.73684211,10.30504274,375.0,0.0,4.225352112676056,6.338028169014085,0.0,0.0,0.9389671361502347,0.0,4.460093896713615,0.0,0.0,0.704225352112676,0.0,0.0,0.0,1.408450704225352,0.4694835680751174,0.0,0.023474178403755867,0.028169014084507043,0.09389671361502347,0.19953051643192488,0.051643192488262914,0.028169014084507043,0.13615023474178403,0.07511737089201878,0.06807511737089202,0.08685446009389672,0.07746478873239436,2.0305164319248825,0.5211267605633803,0.5586854460093896,0.23943661971830985,0.5516431924882629,0.1596244131455399,2.2582159624413145,0.28873239,0.023474178403755867,0.03990610328638498,0.046948356807511735,2,21,9.25398024,0.86750781,191.0,2.42341256,65.92622349,0.12316035,-0.11448264,0.64397906,'SJBI'
65.03496503,5.77419355,26.0,7.15541753,43.33333333,38.00292386,2.797202797202797,2.097902097902098,0.0,0.0,4.195804195804196,0.6993006993006993,4.895104895104895,0.0,0.0,0.0,0.0,0.0,0.0,0.0,0.0,0.0,0.04195804195804196,0.013986013986013986,0.07692307692307693,0.2867132867132867,0.06293706293706294,0.027972027972027972,0.09090909090909091,0.06293706293706294,0.055944055944055944,0.055944055944055944,0.04195804195804196,1.993006993006993,0.5314685314685315,0.5454545454545454,0.35664335664335667,0.38461538461538464,0.17482517482517482,2.4685314685314683,0.48251748,0.006993006993006993,0.02097902097902098,0.02097902097902098,2,21,7.77705069,0.91330675,93.0,2.30257449,82.58856627,0.11003733,-0.13965117,0.74193548,'SSML'
58.97435897,7.13043478,29.66666667,6.59966329,59.33333333,56.22178305,3.076923076923077,4.102564102564102,0.0,0.0,1.5384615384615385,0.5128205128205128,5.128205128205129,0.0,0.0,0.0,0.0,0.0,0.0,0.0,0.5128205128205128,0.0,0.03076923076923077,0.0,0.07692307692307693,0.2564102564102564,0.041025641025641026,0.010256410256410256,0.10256410256410256,0.06153846153846154,0.05641025641025641,0.13333333333333333,0.1076923076923077,2.394871794871795,0.7333333333333333,0.6205128205128205,0.4666666666666667,0.4307692307692308,0.14358974358974358,3.041025641025641,0.41538462,0.02564102564102564,0.035897435897435895,0.041025641025641026,2,21,8.23532105,0.89985445,115.0,2.33842756,75.96274092,0.114736,-0.13144222,0.70434783,'SDLMM'
53.78151261,6.6796875,24.0,13.74368542,216.0,0.0,3.361344537815126,5.042016806722689,0.0,1.2605042016806722,0.0,0.0,5.46218487394958,0.0,0.0,0.42016806722689076,0.0,0.0,0.0,0.0,0.0,0.0,0.058823529411764705,0.029411764705882353,0.09243697478991597,0.22268907563025211,0.046218487394957986,0.008403361344537815,0.13865546218487396,0.07983193277310924,0.029411764705882353,0.037815126050420166,0.029411764705882353,2.1134453781512605,0.5378151260504201,0.5210084033613446,0.42016806722689076,0.5,0.13445378151260504,2.5210084033613445,0.38655462,0.0,0.012605042016806723,0.02100840336134454,2,15,8.29700766,0.88665758,128.0,2.34827938,69.6545711,0.11981886,-0.12665764,0.71875,'SDRM'
56.47058824,5.41666667,20.71428571,20.35902247,145.0,0.0,4.117647058823529,4.705882352941177,0.0,0.0,0.0,0.0,3.5294117647058822,0.5882352941176471,0.0,0.5882352941176471,0.0,0.0,0.0,0.0,0.0,0.5882352941176471,0.07058823529411765,0.047058823529411764,0.08235294117647059,0.18235294117647058,0.029411764705882353,0.011764705882352941,0.07647058823529412,0.07647058823529412,0.023529411764705882,0.041176470588235294,0.058823529411764705,1.9411764705882353,0.611764705882353,0.38235294117647056,0.38823529411764707,0.4588235294117647,0.1,2.276470588235294,0.40588235,0.011764705882352941,0.023529411764705882,0.029411764705882353,2,16,7.36286389,0.88873196,96.0,2.27904242,66.59046642,0.12254454,-0.13494922,0.71875,'SSML'
60.0877193,6.87591241,29.57142857,24.92765041,69.0,49.72591544,2.192982456140351,5.2631578947368425,0.0,0.0,0.8771929824561403,0.0,4.824561403508772,0.0,0.0,0.0,0.0,0.8771929824561403,0.0,0.0,0.0,0.0,0.039473684210526314,0.017543859649122806,0.06578947368421052,0.14473684210526316,0.039473684210526314,0.008771929824561403,0.07017543859649122,0.08771929824561403,0.05263157894736842,0.22807017543859648,0.19298245614035087,2.18859649122807,0.6403508771929824,0.5614035087719298,0.32894736842105265,0.5307017543859649,0.12719298245614036,2.675438596491228,0.43859649,0.013157894736842105,0.021929824561403508,0.03070175438596491,2,19,9.07304665,0.90618304,137.0,2.39027622,83.49119383,0.1094409,-0.12766,0.72992701,'SABA'
61.9047619,5.23076923,16.33333333,16.03468463,16.33333333,17.24979871,5.357142857142857,2.380952380952381,0.0,0.0,1.1904761904761905,0.0,1.1904761904761905,0.0,0.0,1.1904761904761905,0.0,0.0,0.0,0.0,0.0,0.0,0.041666666666666664,0.02976190476190476,0.08928571428571429,0.20238095238095238,0.023809523809523808,0.011904761904761904,0.08928571428571429,0.02976190476190476,0.05952380952380952,0.1130952380952381,0.07142857142857142,1.9107142857142858,0.7321428571428571,0.5178571428571429,0.2619047619047619,0.2619047619047619,0.13690476190476192,2.244047619047619,0.45238095,0.023809523809523808,0.02976190476190476,0.02976190476190476,2,13,8.0237742,0.90640584,104.0,2.3216832,78.98268222,0.11252112,-0.13526307,0.73076923,'EVEGABMAR MA'
42.69406393,6.62566845,34.73913043,21.33626713,61.46153846,50.47560779,2.5114155251141552,2.853881278538813,0.3424657534246575,0.0,0.5707762557077626,0.0,3.65296803652968,0.0,0.0,0.1141552511415525,0.0,0.5707762557077626,0.0,0.228310502283105,0.1141552511415525,0.0,0.045662100456621,0.01141552511415525,0.08447488584474885,0.23515981735159816,0.0365296803652968,0.02054794520547945,0.06278538812785388,0.06050228310502283,0.03995433789954338,0.11529680365296803,0.06963470319634703,2.1004566210045663,0.569634703196347,0.6084474885844748,0.3002283105022831,0.4726027397260274,0.1495433789954338,2.4657534246575343,0.26940639,0.0228310502283105,0.0228310502283105,0.0228310502283105,2,16,12.63628898,0.87438165,374.0,2.59857855,77.81337072,0.11336341,-0.10230329,0.63101604,'FADJ'
58.26446281,5.90780142,17.75,9.35525699,15.21428571,16.10757839,4.545454545454546,2.8925619834710745,0.0,0.0,1.6528925619834711,0.0,1.6528925619834711,0.0,0.0,0.4132231404958678,0.0,0.8264462809917356,0.0,0.4132231404958678,0.4132231404958678,0.0,0.04132231404958678,0.049586776859504134,0.07851239669421488,0.21074380165289255,0.03305785123966942,0.024793388429752067,0.1322314049586777,0.0371900826446281,0.09090909090909091,0.07024793388429752,0.05371900826446281,2.1115702479338845,0.371900826446281,0.6528925619834711,0.4090909090909091,0.4793388429752066,0.19834710743801653,2.5165289256198347,0.41735537,0.01652892561983471,0.028925619834710745,0.05371900826446281,3,16,9.06382329,0.90158791,141.0,2.39157447,80.4663655,0.11147893,-0.1262744,0.71631206,'VE'
57.61316872,5.7,17.75,9.42624881,15.21428571,16.49319588,4.526748971193416,3.292181069958848,0.0,0.0,1.646090534979424,0.0,1.646090534979424,0.0,0.411522633744856,0.411522633744856,0.0,0.823045267489712,0.0,0.411522633744856,0.411522633744856,0.0,0.06172839506172839,0.04938271604938271,0.06995884773662552,0.1934156378600823,0.03292181069958848,0.024691358024691357,0.1440329218106996,0.0411522633744856,0.0823045267489712,0.05761316872427984,0.04526748971193416,2.0329218106995883,0.37448559670781895,0.6049382716049383,0.4074074074074074,0.4773662551440329,0.16872427983539096,2.4362139917695473,0.41152263,0.024691358024691357,0.03292181069958848,0.053497942386831275,8,16,8.98100419,0.89961536,140.0,2.38726842,78.9444694,0.11254835,-0.12617951,0.71428571,'SDEG'
53.1147541,6.50617284,33.375,17.25498116,29.66666667,24.72964932,2.622950819672131,6.229508196721311,0.0,0.0,2.2950819672131146,0.0,3.278688524590164,0.0,0.0,0.9836065573770492,0.0,0.6557377049180327,0.32786885245901637,0.0,0.0,0.0,0.03934426229508197,0.02622950819672131,0.07540983606557378,0.18688524590163935,0.01639344262295082,0.01639344262295082,0.10163934426229508,0.08196721311475409,0.10491803278688525,0.08196721311475409,0.06885245901639345,2.1573770491803277,0.5081967213114754,0.6655737704918033,0.3704918032786885,0.4163934426229508,0.19672131147540983,2.459016393442623,0.35737705,0.013114754098360656,0.01639344262295082,0.019672131147540985,2,15,9.27609302,0.88939144,162.0,2.41057048,74.61145434,0.11577032,-0.12116836,0.67283951,'SDFI'
49.65986395,5.87671233,29.44444444,13.31758329,33.125,23.05665576,3.061224489795918,5.1020408163265305,0.0,0.0,1.7006802721088434,0.3401360544217687,2.7210884353741496,0.3401360544217687,0.0,0.3401360544217687,0.0,0.6802721088435374,0.0,0.3401360544217687,0.0,0.0,0.06462585034013606,0.023809523809523808,0.07482993197278912,0.20748299319727892,0.04081632653061224,0.017006802721088437,0.09183673469387756,0.09183673469387756,0.08503401360544217,0.061224489795918366,0.027210884353741496,2.0306122448979593,0.41496598639455784,0.6156462585034014,0.3469387755102041,0.47959183673469385,0.17346938775510204,2.5136054421768708,0.31292517,0.047619047619047616,0.06802721088435375,0.06802721088435375,2,15,8.51489292,0.87684291,146.0,2.36852829,66.57897111,0.12255512,-0.12195037,0.63013699,'BMM'
44.49438202,6.70454545,28.60714286,25.5766904,72.72727273,66.80513169,2.696629213483146,3.707865168539326,0.0,0.0,1.0112359550561798,0.11235955056179775,4.269662921348314,0.0,0.11235955056179775,0.5617977528089888,0.0,0.33707865168539325,0.0,0.11235955056179775,0.11235955056179775,0.11235955056179775,0.0651685393258427,0.0348314606741573,0.10337078651685393,0.19101123595505617,0.056179775280898875,0.014606741573033709,0.1,0.07191011235955057,0.06853932584269663,0.08876404494382023,0.04719101123595506,2.0359550561797755,0.5606741573033708,0.5831460674157304,0.2651685393258427,0.4584269662921348,0.16853932584269662,2.3752808988764045,0.32134831,0.01348314606741573,0.02247191011235955,0.02247191011235955,2,57,13.27395016,0.88075676,396.0,2.62096296,82.16534134,0.11032036,-0.10206452,0.72222222,'FADJ'
53.73134328,5.18518519,44.5,21.55806114,44.5,25.74393132,1.9900497512437811,8.457711442786069,0.0,0.0,0.0,0.0,1.9900497512437811,0.4975124378109453,0.4975124378109453,0.0,0.0,0.4975124378109453,0.0,0.0,0.0,0.4975124378109453,0.04975124378109453,0.08955223880597014,0.1044776119402985,0.21393034825870647,0.03980099502487562,0.004975124378109453,0.11442786069651742,0.05472636815920398,0.06467661691542288,0.029850746268656716,0.01990049751243781,1.8308457711442787,0.5174129353233831,0.47761194029850745,0.19900497512437812,0.43781094527363185,0.19900497512437812,2.029850746268657,0.37810945,0.024875621890547265,0.04477611940298507,0.06965174129353234,5,12,7.61773265,0.88287046,108.0,2.30097898,65.32128007,0.12372933,-0.13068978,0.7037037,'SDCM'
47.99235182,7.05976096,22.66666667,10.5032119,17.62962963,11.02572127,4.015296367112811,3.8240917782026767,0.0,0.0,0.19120458891013384,0.3824091778202677,3.8240917782026767,0.0,0.0,0.19120458891013384,0.0,0.19120458891013384,0.0,0.0,0.19120458891013384,0.0,0.08604206500956023,0.019120458891013385,0.11281070745697896,0.2179732313575526,0.055449330783938815,0.04206500956022945,0.07839388145315487,0.04397705544933078,0.036328871892925434,0.03441682600382409,0.040152963671128104,2.30019120458891,0.6003824091778203,0.6692160611854685,0.3154875717017208,0.5391969407265774,0.17590822179732313,2.632887189292543,0.36328872,0.015296367112810707,0.03441682600382409,0.03824091778202677,2,18,10.97546368,0.88271923,251.0,2.51085479,77.00040891,0.11396027,-0.11073203,0.75697211,'SDJME'
48.45070423,6.38953488,38.625,28.06660605,38.625,26.09567732,1.6901408450704225,9.577464788732394,0.8450704225352113,0.0,0.28169014084507044,0.0,4.225352112676056,0.0,0.0,0.28169014084507044,0.0,0.0,0.0,0.0,0.5633802816901409,0.0,0.05352112676056338,0.016901408450704224,0.11267605633802817,0.22816901408450704,0.03380281690140845,0.01971830985915493,0.07042253521126761,0.05070422535211268,0.05070422535211268,0.059154929577464786,0.030985915492957747,2.0140845070422535,0.5126760563380282,0.5633802816901409,0.38028169014084506,0.4422535211267606,0.11549295774647887,2.1774647887323946,0.35211268,0.014084507042253521,0.03380281690140845,0.05070422535211268,2,16,9.12881215,0.87659932,172.0,2.40905432,68.6517724,0.12069079,-0.11803642,0.72674419,'SDCM'
59.24170616,6.736,17.45454545,4.84981042,21.33333333,8.70504324,5.213270142180095,2.843601895734597,0.0,0.0,0.0,0.0,1.8957345971563981,0.0,0.0,0.0,0.0,0.0,0.0,0.0,0.47393364928909953,0.0,0.06635071090047394,0.014218009478672985,0.13270142180094788,0.21800947867298578,0.07582938388625593,0.052132701421800945,0.07582938388625593,0.018957345971563982,0.04265402843601896,0.018957345971563982,0.023696682464454975,2.265402843601896,0.5071090047393365,0.6587677725118484,0.3080568720379147,0.6208530805687204,0.17061611374407584,2.6492890995260665,0.44075829,0.018957345971563982,0.037914691943127965,0.04739336492890995,2,18,8.60535489,0.90217521,125.0,2.36223872,78.92783839,0.11256021,-0.12950695,0.744,'SDJME'
47.29344729,6.22289157,39.625,14.76429392,45.28571429,36.40139042,2.2792022792022792,7.407407407407407,0.0,0.0,0.0,0.0,2.849002849002849,0.0,0.8547008547008547,1.1396011396011396,0.0,0.5698005698005698,0.0,0.5698005698005698,0.5698005698005698,0.0,0.037037037037037035,0.06267806267806268,0.11965811965811966,0.19658119658119658,0.05128205128205128,0.011396011396011397,0.14814814814814814,0.05698005698005698,0.10256410256410256,0.05128205128205128,0.019943019943019943,1.9743589743589745,0.42450142450142453,0.5982905982905983,0.2621082621082621,0.5641025641025641,0.12535612535612536,2.202279202279202,0.33903134,0.011396011396011397,0.02849002849002849,0.045584045584045586,4,18,8.86042451,0.87223584,166.0,2.39460171,66.17917849,0.12292474,-0.11826434,0.71686747,'MOA JU GA'
60.40609137,7.1092437,30.33333333,6.3420992,91.0,36.0,3.045685279187817,4.568527918781726,0.0,0.0,0.0,0.0,1.5228426395939085,0.5076142131979695,0.0,1.015228426395939,0.0,1.5228426395939085,0.0,0.0,0.0,0.0,0.06598984771573604,0.025380710659898477,0.12690355329949238,0.23857868020304568,0.03553299492385787,0.01015228426395939,0.1065989847715736,0.04568527918781726,0.06598984771573604,0.07614213197969544,0.07106598984771574,2.3857868020304567,0.7055837563451777,0.6598984771573604,0.3604060913705584,0.4517766497461929,0.20812182741116753,2.802030456852792,0.45177665,0.015228426395939087,0.025380710659898477,0.04060913705583756,2,20,8.47839895,0.90458815,119.0,2.35303604,79.88579942,0.11188328,-0.131189,0.74789916,'SDJME'
48.25174825,6.13043478,42.5,17.91414711,63.75,43.88835267,2.097902097902098,7.3426573426573425,0.0,0.0,0.34965034965034963,0.0,1.3986013986013985,0.6993006993006993,0.0,1.7482517482517483,0.0,0.0,0.0,0.0,0.6993006993006993,0.0,0.04895104895104895,0.03496503496503497,0.10839160839160839,0.18181818181818182,0.04895104895104895,0.017482517482517484,0.0944055944055944,0.05244755244755245,0.1048951048951049,0.0944055944055944,0.05244755244755245,2.1433566433566433,0.6223776223776224,0.541958041958042,0.25524475524475526,0.5104895104895105,0.21328671328671328,2.3496503496503496,0.32867133,0.027972027972027972,0.045454545454545456,0.05244755244755245,2,15,8.16011106,0.87115644,138.0,2.3471737,63.33161918,0.12565787,-0.12254452,0.68115942,'SDCM'
63.41463415,5.65384615,8.75,2.04633819,8.75,2.04633819,9.75609756097561,4.878048780487805,0.0,0.0,0.0,0.0,3.658536585365854,0.0,0.0,0.0,0.0,0.0,0.0,0.0,0.0,2.4390243902439024,0.036585365853658534,0.07317073170731707,0.036585365853658534,0.17073170731707318,0.012195121951219513,0.024390243902439025,0.13414634146341464,0.036585365853658534,0.07317073170731707,0.04878048780487805,0.012195121951219513,2.048780487804878,0.5853658536585366,0.43902439024390244,0.43902439024390244,0.3902439024390244,0.1951219512195122,2.207317073170732,0.46341463,0.0,0.0,0.012195121951219513,2,12,5.74243936,0.89664067,52.0,2.13621919,61.50922502,0.12750578,-0.15723508,0.73076923,'SDJME'
53.33333333,7.07142857,19.78571429,13.13761541,25.18181818,23.79388073,4.444444444444445,3.492063492063492,0.0,0.0,0.31746031746031744,0.0,3.1746031746031744,0.0,0.6349206349206349,0.31746031746031744,0.0,0.6349206349206349,0.0,0.0,0.0,0.0,0.06666666666666667,0.025396825396825397,0.0761904761904762,0.23492063492063492,0.02857142857142857,0.01904761904761905,0.06349206349206349,0.05396825396825397,0.04126984126984127,0.10476190476190476,0.09523809523809523,2.4,0.7428571428571429,0.5619047619047619,0.4603174603174603,0.5111111111111111,0.12380952380952381,2.6507936507936507,0.41269841,0.022222222222222223,0.03492063492063492,0.047619047619047616,2,16,9.46572765,0.89072565,168.0,2.42134988,75.94836033,0.11474686,-0.12048916,0.77380952,'FADJ'
46.3800905,6.2195122,18.66666667,15.26381758,23.05882353,14.96454865,2.9411764705882355,6.108597285067873,0.0,0.0,0.45248868778280543,0.0,1.8099547511312217,0.0,0.0,0.0,0.0,0.22624434389140272,0.0,0.0,0.22624434389140272,0.22624434389140272,0.07239819004524888,0.05203619909502263,0.10633484162895927,0.19683257918552036,0.033936651583710405,0.013574660633484163,0.12217194570135746,0.029411764705882353,0.11312217194570136,0.042986425339366516,0.027149321266968326,2.165158371040724,0.6990950226244343,0.497737556561086,0.30995475113122173,0.4796380090497738,0.17873303167420815,2.3846153846153846,0.32352941,0.024886877828054297,0.033936651583710405,0.04524886877828054,2,18,9.75085563,0.87386951,205.0,2.44918956,69.67310226,0.11980293,-0.11379009,0.69756098,'SDCM'
44.54976303,7.73404255,33.47058824,16.79677016,37.93333333,55.1234574,2.6856240126382307,7.109004739336493,0.315955766192733,0.0,0.315955766192733,0.0,7.109004739336493,0.0,0.0,0.47393364928909953,0.0,0.0,0.0,0.0,0.0,0.0,0.07109004739336493,0.007898894154818325,0.07266982622432859,0.2575039494470774,0.036334913112164295,0.014218009478672985,0.0947867298578199,0.09320695102685624,0.03475513428120063,0.06635071090047394,0.05845181674565561,2.265402843601896,0.5892575039494471,0.6224328593996841,0.41706161137440756,0.4786729857819905,0.1579778830963665,2.693522906793049,0.29383886,0.020537124802527645,0.0315955766192733,0.0315955766192733,2,26,11.20849373,0.87465048,282.0,2.52924782,74.2409059,0.11605888,-0.10745549,0.65957447,'SDEG'
43.78238342,7.13017751,34.33333333,27.64801437,65.54545455,84.21008754,2.5906735751295336,2.7202072538860103,0.5181347150259067,0.0,0.6476683937823834,0.0,4.1450777202072535,0.0,0.0,0.7772020725388601,0.0,0.12953367875647667,0.0,0.12953367875647667,0.0,0.12953367875647667,0.04792746113989637,0.02072538860103627,0.10621761658031088,0.22797927461139897,0.05958549222797927,0.011658031088082901,0.12046632124352331,0.07512953367875648,0.07901554404145078,0.05699481865284974,0.042746113989637305,2.183937823834197,0.5414507772020726,0.6917098445595855,0.29922279792746115,0.5025906735751295,0.1489637305699482,2.6023316062176165,0.31865285,0.011658031088082901,0.025906735751295335,0.025906735751295335,2,15,12.16488619,0.87577973,338.0,2.57545554,77.22135087,0.11379713,-0.10424766,0.72781065,'SDLMM'
41.617357,6.65876777,34.7037037,13.71080897,37.48,43.10556345,2.5641025641025643,4.437869822485207,0.0,0.0,0.2958579881656805,0.6903353057199211,3.353057199211045,0.39447731755424065,0.2958579881656805,1.9723865877712032,0.09861932938856016,0.591715976331361,0.0,0.39447731755424065,0.0,0.0,0.05917159763313609,0.04437869822485207,0.08678500986193294,0.1903353057199211,0.03254437869822485,0.029585798816568046,0.13609467455621302,0.09566074950690336,0.08382642998027613,0.05226824457593689,0.03944773175542406,2.0877712031558184,0.5236686390532544,0.6134122287968442,0.3027613412228797,0.4832347140039448,0.16469428007889547,2.3491124260355027,0.27712032,0.01972386587771203,0.01972386587771203,0.01972386587771203,2,15,13.25236758,0.87334641,422.0,2.62692883,78.84373271,0.11262023,-0.10014122,0.66587678,'PDJE'
42.57083621,6.95454545,27.30434783,14.54508667,125.6,308.10556632,3.178991015894955,6.08154803040774,0.3455425017277125,0.0,0.691085003455425,0.2073255010366275,2.6952315134761577,0.138217000691085,0.0691085003455425,1.0366275051831375,0.0,0.4837595024187975,0.0,0.27643400138217,0.0,0.0691085003455425,0.0608154803040774,0.03800967519004837,0.06979958534899793,0.2017968210089841,0.04008293020041465,0.02073255010366275,0.08776779543883897,0.06565307532826538,0.051831375259156875,0.08500345542501728,0.05874222529371113,2.0234968901174843,0.5335176226675881,0.5632342778161714,0.3344851416724257,0.44782308223911543,0.14443676572218384,2.3814789219073944,0.30753283,0.01243953006219765,0.013821700069108501,0.013821700069108501,2,17,16.19371332,0.88264784,616.0,2.73182529,89.46447102,0.10572427,-0.09524828,0.7224026,'MJ'
63.0,6.41269841,11.42857143,5.92469753,10.0,7.92148976,6.0,9.0,0.0,0.0,7.0,0.0,2.0,0.0,0.0,1.0,0.0,0.0,0.0,0.0,0.0,0.0,0.03,0.02,0.08,0.26,0.02,0.02,0.09,0.06,0.05,0.07,0.09,1.99,0.44,0.54,0.31,0.52,0.18,2.32,0.5,0.0,0.01,0.01,3,15,6.3,0.89967027,63.0,2.18786029,66.22021711,0.12288665,-0.15047708,0.79365079,'FRL'
48.46153846,6.33333333,28.6875,22.10406849,30.6,46.16174462,3.076923076923077,3.269230769230769,0.19230769230769232,0.0,2.1153846153846154,0.19230769230769232,2.5,0.0,0.0,0.19230769230769232,0.0,0.19230769230769232,0.0,0.0,0.0,0.0,0.032692307692307694,0.011538461538461539,0.06923076923076923,0.22115384615384615,0.04423076923076923,0.019230769230769232,0.09038461538461538,0.06346153846153846,0.0673076923076923,0.12884615384615383,0.07692307692307693,2.0557692307692306,0.5230769230769231,0.5403846153846154,0.3057692307692308,0.5557692307692308,0.13076923076923078,2.3461538461538463,0.34038462,0.011538461538461539,0.019230769230769232,0.026923076923076925,2,15,11.05093104,0.884167,252.0,2.51371186,77.89117238,0.11330678,-0.1108339,0.70238095,'SDGV'
54.97925311,6.5245283,17.95833333,11.93202681,86.2,160.91662437,4.979253112033195,4.356846473029045,0.0,0.0,1.037344398340249,0.4149377593360996,2.074688796680498,0.2074688796680498,0.2074688796680498,0.2074688796680498,0.2074688796680498,1.6597510373443984,0.0,0.0,0.0,0.0,0.07261410788381743,0.05186721991701245,0.08091286307053942,0.2053941908713693,0.04771784232365145,0.02074688796680498,0.1037344398340249,0.03734439834024896,0.08506224066390042,0.05394190871369295,0.06016597510373444,2.1390041493775933,0.6161825726141079,0.5995850622406639,0.36721991701244816,0.4149377593360996,0.14107883817427386,2.5643153526970957,0.41908714,0.01037344398340249,0.024896265560165973,0.024896265560165973,2,17,12.07041924,0.90316936,265.0,2.55073542,92.04616692,0.10423106,-0.11219546,0.76226415,'MJ'
58.29383886,6.5203252,23.5,12.51998403,26.85714286,36.52172962,3.3175355450236967,6.161137440758294,0.0,0.0,2.3696682464454977,0.0,3.3175355450236967,0.47393364928909953,0.0,1.4218009478672986,0.0,0.9478672985781991,0.0,0.0,0.0,0.0,0.04265402843601896,0.02843601895734597,0.10426540284360189,0.1990521327014218,0.037914691943127965,0.018957345971563982,0.09004739336492891,0.09004739336492891,0.061611374407582936,0.052132701421800945,0.06635071090047394,2.137440758293839,0.5213270142180095,0.6919431279620853,0.35545023696682465,0.4265402843601896,0.14218009478672985,2.3507109004739335,0.41706161,0.004739336492890996,0.009478672985781991,0.009478672985781991,2,15,8.46766921,0.89916142,123.0,2.35434746,76.5688999,0.11428094,-0.12950668,0.71544715,'SDFI'
54.65116279,6.11914894,24.86666667,20.1919676,23.25,22.30050448,2.3255813953488373,5.813953488372093,1.3953488372093024,0.0,1.627906976744186,0.9302325581395349,2.558139534883721,0.0,0.0,0.6976744186046512,0.0,0.0,0.0,0.23255813953488372,0.0,0.23255813953488372,0.05116279069767442,0.018604651162790697,0.07674418604651163,0.1883720930232558,0.027906976744186046,0.018604651162790697,0.09302325581395349,0.053488372093023255,0.10697674418604651,0.08372093023255814,0.05116279069767442,1.8976744186046512,0.4558139534883721,0.5186046511627908,0.27906976744186046,0.4325581395348837,0.2116279069767442,2.1209302325581394,0.4255814,0.004651162790697674,0.0069767441860465115,0.0069767441860465115,2,14,11.33270632,0.90035932,235.0,2.51727537,87.79740024,0.10672328,-0.11430725,0.7787234,'MJ'
65.98360656,5.99378882,21.5,33.09758299,21.5,33.12174512,3.278688524590164,7.377049180327869,0.4098360655737705,0.0,0.819672131147541,0.4098360655737705,4.098360655737705,0.0,0.0,0.0,0.0,0.0,0.0,0.0,0.0,0.4098360655737705,0.06147540983606557,0.036885245901639344,0.10245901639344263,0.20081967213114754,0.03278688524590164,0.012295081967213115,0.06967213114754098,0.04918032786885246,0.10655737704918032,0.13114754098360656,0.0860655737704918,2.0,0.5327868852459017,0.5368852459016393,0.3155737704918033,0.45081967213114754,0.16393442622950818,2.3114754098360657,0.55327869,0.0,0.0,0.0,3,15,10.30696883,0.92436763,161.0,2.45390035,104.85903528,0.09765558,-0.12608682,0.83850932,'FRL'
60.86956522,5.73809524,21.22222222,17.73745427,21.22222222,20.14270079,2.898550724637681,2.898550724637681,0.0,0.0,1.4492753623188406,0.0,4.3478260869565215,0.0,0.0,0.4830917874396135,0.4830917874396135,0.4830917874396135,0.0,0.0,0.4830917874396135,0.0,0.04830917874396135,0.043478260869565216,0.0821256038647343,0.2318840579710145,0.057971014492753624,0.01932367149758454,0.08695652173913043,0.07246376811594203,0.09178743961352658,0.057971014492753624,0.06280193236714976,2.072463768115942,0.4975845410628019,0.5652173913043478,0.37681159420289856,0.5024154589371981,0.13043478260869565,2.2995169082125604,0.45410628,0.004830917874396135,0.00966183574879227,0.00966183574879227,2,17,8.75760539,0.90690736,126.0,2.37029173,82.6433402,0.11000086,-0.12997189,0.74603175,'GNEM'
63.29787234,5.68907563,18.33333333,13.49073756,11.78571429,11.39033783,3.1914893617021276,3.723404255319149,0.0,0.0,2.6595744680851063,3.1914893617021276,3.723404255319149,0.0,0.0,0.5319148936170213,0.0,0.0,0.0,0.0,0.0,0.0,0.0425531914893617,0.031914893617021274,0.0797872340425532,0.19148936170212766,0.031914893617021274,0.02127659574468085,0.06382978723404255,0.047872340425531915,0.05319148936170213,0.13297872340425532,0.09574468085106383,1.9042553191489362,0.43617021276595747,0.526595744680851,0.3670212765957447,0.44680851063829785,0.1276595744680851,2.154255319148936,0.5,0.0,0.005319148936170213,0.005319148936170213,2,14,8.67896699,0.91266618,119.0,2.36338119,86.50244566,0.10751915,-0.13236053,0.78991597,'SDGV'
56.2962963,6.09210526,24.5,14.71903529,49.0,37.62977544,2.2222222222222223,3.7037037037037037,0.0,0.0,0.37037037037037035,0.0,3.7037037037037037,1.1111111111111112,0.0,0.7407407407407407,0.37037037037037035,0.0,0.7407407407407407,0.37037037037037035,0.0,0.0,0.040740740740740744,0.03333333333333333,0.09259259259259259,0.1925925925925926,0.044444444444444446,0.014814814814814815,0.12222222222222222,0.08148148148148149,0.08518518518518518,0.04814814814814815,0.040740740740740744,1.9592592592592593,0.5333333333333333,0.5407407407407407,0.26666666666666666,0.45555555555555555,0.16296296296296298,2.2222222222222223,0.41111111,0.0,0.003703703703703704,0.007407407407407408,2,14,9.25042542,0.8973744,152.0,2.40492393,78.70175899,0.11272177,-0.12380581,0.73026316,'SABA'
47.53246753,6.20765027,34.8,28.17374664,38.66666667,39.80508064,1.2987012987012987,6.233766233766234,0.0,0.0,0.5194805194805194,0.0,2.3376623376623376,0.0,0.2597402597402597,1.0389610389610389,0.2597402597402597,0.2597402597402597,0.7792207792207793,0.7792207792207793,0.0,0.0,0.04155844155844156,0.03636363636363636,0.09350649350649351,0.18441558441558442,0.03636363636363636,0.01818181818181818,0.14545454545454545,0.07272727272727272,0.06233766233766234,0.03896103896103896,0.033766233766233764,1.9948051948051948,0.4883116883116883,0.5532467532467532,0.33766233766233766,0.5064935064935064,0.10909090909090909,2.3922077922077922,0.31948052,0.025974025974025976,0.033766233766233764,0.04155844155844156,2,21,9.3265436,0.87506689,183.0,2.4225108,68.74650683,0.1206076,-0.11642838,0.67213115,'SDEG'
44.67120181,6.37563452,19.5,9.20054346,26.0,42.33831992,3.1746031746031744,5.668934240362812,0.0,0.22675736961451248,0.6802721088435374,0.0,2.2675736961451247,0.0,0.0,0.45351473922902497,0.6802721088435374,0.6802721088435374,0.0,0.0,0.0,0.22675736961451248,0.02040816326530612,0.022675736961451247,0.12244897959183673,0.1927437641723356,0.031746031746031744,0.011337868480725623,0.1383219954648526,0.05668934240362812,0.08163265306122448,0.06349206349206349,0.04308390022675737,2.0657596371882088,0.6122448979591837,0.5600907029478458,0.3197278911564626,0.4036281179138322,0.17006802721088435,2.4126984126984126,0.28798186,0.015873015873015872,0.031746031746031744,0.045351473922902494,2,21,9.38095238,0.86765722,197.0,2.43129021,66.37789099,0.12274061,-0.11383219,0.64467005,'SDLL'
55.36159601,6.78828829,34.27272727,16.28770261,125.66666667,91.29561265,2.2443890274314215,2.493765586034913,0.0,0.24937655860349128,0.0,0.24937655860349128,3.2418952618453867,0.24937655860349128,0.0,1.745635910224439,0.0,0.0,0.24937655860349128,0.49875311720698257,0.0,0.0,0.06483790523690773,0.00997506234413965,0.09476309226932668,0.18703241895261846,0.03740648379052369,0.017456359102244388,0.12219451371571072,0.0798004987531172,0.0773067331670823,0.08478802992518704,0.08478802992518704,2.3017456359102244,0.6433915211970075,0.6234413965087282,0.3740648379052369,0.4763092269326683,0.18453865336658354,2.7506234413965087,0.40648379,0.004987531172069825,0.012468827930174564,0.0199501246882793,1,21,11.08615096,0.90135338,222.0,2.5044101,87.66096879,0.1068063,-0.11563857,0.73423423,'BMM'
49.05982906,6.95121951,26.2,15.24335921,47.63636364,42.42056261,2.393162393162393,5.641025641025641,0.0,0.17094017094017094,0.3418803418803419,0.0,3.58974358974359,0.0,0.0,1.0256410256410255,0.17094017094017094,0.17094017094017094,0.0,0.17094017094017094,0.17094017094017094,0.5128205128205128,0.03418803418803419,0.02735042735042735,0.10598290598290598,0.21367521367521367,0.042735042735042736,0.013675213675213675,0.10256410256410256,0.05982905982905983,0.06666666666666667,0.0735042735042735,0.07008547008547009,2.1367521367521367,0.6085470085470085,0.5965811965811966,0.3418803418803419,0.4393162393162393,0.15042735042735042,2.4410256410256412,0.36239316,0.0017094017094017094,0.008547008547008548,0.010256410256410256,2,21,11.86598961,0.88823399,287.0,2.55119478,82.24587099,0.11026634,-0.10878547,0.73867596,'FODM'
51.56862745,6.92015209,42.81818182,25.46590656,94.2,108.85476563,2.156862745098039,3.5294117647058822,0.5882352941176471,0.0,0.39215686274509803,0.0,4.901960784313726,0.39215686274509803,0.0,0.5882352941176471,0.0,0.0,0.0,0.19607843137254902,0.19607843137254902,0.0,0.047058823529411764,0.025490196078431372,0.10980392156862745,0.24705882352941178,0.03137254901960784,0.01568627450980392,0.08627450980392157,0.08823529411764706,0.029411764705882353,0.07254901960784314,0.058823529411764705,2.2058823529411766,0.5450980392156862,0.6509803921568628,0.3607843137254902,0.5098039215686274,0.1392156862745098,2.492156862745098,0.38235294,0.00196078431372549,0.011764705882352941,0.013725490196078431,2,16,11.64583574,0.89377397,263.0,2.53672115,84.67184112,0.10867521,-0.11117926,0.74144487,'SABA'
41.57585918,7.94556452,33.48484848,13.79969524,44.2,51.27416503,2.766135792120704,3.93964794635373,0.16764459346186086,0.0,0.2514668901927913,0.0,5.280804694048617,0.0,0.0,0.3352891869237217,0.0,0.0,0.0,0.0,0.0,0.0,0.08717518860016764,0.020117351215423303,0.09388097233864208,0.24224643755238895,0.039396479463537304,0.020117351215423303,0.07041072925398156,0.07544006705783739,0.03604358759430008,0.06454316848281642,0.06789606035205364,2.383906119027661,0.6068734283319362,0.6378876781223806,0.4543168482816429,0.5389773679798826,0.14585079631181894,2.77116512992456,0.29421626,0.013411567476948869,0.016764459346186086,0.016764459346186086,2,19,14.36023195,0.87611202,496.0,2.67020294,82.49693309,0.11009842,-0.09784334,0.70766129,'VE'
40.9591195,7.92322457,32.58333333,11.15141994,48.875,51.69567398,2.830188679245283,4.638364779874214,0.15723270440251572,0.0,0.2358490566037736,0.0,4.559748427672956,0.07861635220125786,0.0,0.39308176100628933,0.0,0.07861635220125786,0.0,0.0,0.0,0.0,0.09119496855345911,0.02279874213836478,0.1069182389937107,0.2319182389937107,0.03930817610062893,0.02358490566037736,0.07232704402515723,0.07311320754716981,0.036949685534591194,0.06682389937106918,0.06210691823899371,2.3985849056603774,0.6226415094339622,0.6171383647798742,0.4716981132075472,0.5385220125786163,0.14858490566037735,2.800314465408805,0.29323899,0.015723270440251572,0.015723270440251572,0.015723270440251572,2,19,14.60811461,0.87513255,521.0,2.68096616,82.590643,0.11003594,-0.09696574,0.7159309,'SDEG'
37.27647868,7.49261993,35.59459459,12.29910887,131.7,134.47977543,2.544704264099037,6.396148555708391,0.0687757909215956,0.0,0.2751031636863824,0.0,2.6822558459422283,0.0687757909215956,0.0,0.6189821182943603,0.0,0.687757909215956,0.0687757909215956,0.343878954607978,0.0,0.0687757909215956,0.06740027510316368,0.027510316368638238,0.0859697386519945,0.2248968363136176,0.04470426409903714,0.02269601100412655,0.08253094910591471,0.06258596973865199,0.06533700137551582,0.05295735900962861,0.04470426409903714,2.1884456671251717,0.5577716643741403,0.5543328748280605,0.40646492434663,0.5020632737276479,0.16781292984869325,2.5866574965612106,0.25859697,0.013755158184319119,0.013755158184319119,0.013755158184319119,2,17,14.21402527,0.8644881,542.0,2.67663995,77.52685446,0.11357269,-0.09518509,0.69372694,'FLG'
37.47645951,7.89112228,32.55555556,13.55081884,732.5,647.5,2.824858757062147,5.14752040175769,0.31387319522912743,0.0,0.06277463904582549,0.0,4.8964218455743875,0.06277463904582549,0.06277463904582549,0.31387319522912743,0.0,0.06277463904582549,0.0,0.06277463904582549,0.0,0.0,0.06277463904582549,0.021343377275580666,0.09792843691148775,0.2322661644695543,0.04143126177024482,0.01694915254237288,0.07407407407407407,0.07470182046453233,0.035781544256120526,0.07344632768361582,0.05398618957940992,2.3188951663527937,0.5969868173258004,0.6497175141242938,0.4463276836158192,0.48336472065285624,0.14249843063402384,2.66541117388575,0.26302574,0.012554927809165096,0.012554927809165096,0.012554927809165096,2,24,14.95775596,0.86689172,597.0,2.70341252,79.916368,0.11186188,-0.09400652,0.70184255,'SDMJ'
44.26966292,7.45431472,38.9047619,26.75978639,102.125,100.034291,2.359550561797753,5.50561797752809,0.0,0.0,0.2247191011235955,0.0,5.393258426966292,0.33707865168539325,0.0,1.4606741573033708,0.0,0.0,0.0,0.0,0.0,0.0,0.05955056179775281,0.02247191011235955,0.11573033707865168,0.2258426966292135,0.043820224719101124,0.017977528089887642,0.10337078651685393,0.10112359550561797,0.04044943820224719,0.05730337078651685,0.05056179775280899,2.2168539325842698,0.5292134831460674,0.6292134831460674,0.3651685393258427,0.5314606741573034,0.16179775280898875,2.5247191011235954,0.33370787,0.010112359550561797,0.020224719101123594,0.02247191011235955,2,20,13.20691001,0.88001119,394.0,2.6187443,81.65479653,0.11066471,-0.10206451,0.75380711,'BMM'
46.91358025,7.42344498,38.85,22.80849622,86.33333333,67.28711285,2.356902356902357,7.070707070707071,1.2345679012345678,0.0,0.5611672278338945,0.0,4.601571268237935,0.2244668911335578,0.0,0.4489337822671156,0.0,0.2244668911335578,0.0,0.0,0.0,0.1122334455667789,0.06397306397306397,0.025813692480359147,0.08978675645342311,0.23905723905723905,0.029180695847362513,0.017957351290684626,0.0707070707070707,0.07744107744107744,0.03254769921436588,0.07744107744107744,0.07407407407407407,2.132435465768799,0.5757575757575758,0.5387205387205387,0.4152637485970819,0.4781144781144781,0.12457912457912458,2.4500561167227835,0.34792368,0.005611672278338945,0.014590347923681257,0.019079685746352413,2,22,14.00352689,0.88857117,418.0,2.64446279,87.94206661,0.10663546,-0.10204771,0.74162679,'FODM'
70.94017094,6.15662651,17.33333333,9.33928382,17.33333333,24.75659284,4.273504273504273,4.273504273504273,0.0,0.0,0.8547008547008547,0.0,5.128205128205129,0.0,0.0,0.0,0.0,0.0,0.0,0.0,0.0,0.0,0.07692307692307693,0.0,0.11965811965811966,0.23931623931623933,0.03418803418803419,0.02564102564102564,0.08547008547008547,0.07692307692307693,0.03418803418803419,0.09401709401709402,0.06837606837606838,2.213675213675214,0.6239316239316239,0.5641025641025641,0.3162393162393162,0.5384615384615384,0.17094017094017094,2.6495726495726495,0.57264957,0.0,0.0,0.0,2,18,7.67335271,0.92790408,83.0,2.29286072,95.29477396,0.10243903,-0.14553155,0.80722892,'PDJE'
61.41732283,6.35897436,22.6,17.41952927,28.25,33.25187965,3.937007874015748,7.086614173228346,0.0,0.0,0.0,0.0,4.724409448818897,0.0,0.0,0.0,0.0,0.0,0.0,0.7874015748031497,0.0,0.0,0.05511811023622047,0.007874015748031496,0.11023622047244094,0.2440944881889764,0.05511811023622047,0.015748031496062992,0.05511811023622047,0.05511811023622047,0.03937007874015748,0.11023622047244094,0.10236220472440945,2.1653543307086616,0.3937007874015748,0.5669291338582677,0.4015748031496063,0.6299212598425197,0.1732283464566929,2.3858267716535435,0.46456693,0.007874015748031496,0.007874015748031496,0.015748031496062992,2,16,6.92138077,0.89936841,78.0,2.24076836,69.44821729,0.11999674,-0.14306492,0.75641026,'VE'
56.2962963,5.76315789,23.8,14.2323575,29.75,36.29996556,2.962962962962963,8.148148148148149,0.0,0.0,0.0,0.0,5.925925925925926,0.0,0.0,0.7407407407407407,0.0,0.0,0.0,0.7407407407407407,0.0,0.0,0.02962962962962963,0.007407407407407408,0.13333333333333333,0.28888888888888886,0.06666666666666667,0.007407407407407408,0.044444444444444446,0.07407407407407407,0.014814814814814815,0.1037037037037037,0.0962962962962963,2.051851851851852,0.4444444444444444,0.5111111111111111,0.37777777777777777,0.5925925925925926,0.1259259259259259,2.140740740740741,0.42222222,0.022222222222222223,0.037037037037037035,0.05925925925925926,2,16,6.54103854,0.88287273,76.0,2.21314399,60.41988054,0.12865008,-0.14128203,0.75,'SDEG'
56.2962963,5.76315789,23.8,14.2323575,29.75,36.29996556,2.962962962962963,8.148148148148149,0.0,0.0,0.0,0.0,5.925925925925926,0.0,0.0,0.7407407407407407,0.0,0.0,0.0,0.7407407407407407,0.0,0.0,0.02962962962962963,0.007407407407407408,0.13333333333333333,0.28888888888888886,0.06666666666666667,0.007407407407407408,0.044444444444444446,0.07407407407407407,0.014814814814814815,0.1037037037037037,0.0962962962962963,2.051851851851852,0.4444444444444444,0.5111111111111111,0.37777777777777777,0.5925925925925926,0.1259259259259259,2.140740740740741,0.42222222,0.022222222222222223,0.037037037037037035,0.05925925925925926,2,16,6.54103854,0.88287273,76.0,2.21314399,60.41988054,0.12865008,-0.14128203,0.75,'SDFI'
50.1010101,6.75806452,27.75,10.79641144,40.36363636,41.82490065,3.2323232323232323,5.252525252525253,0.0,0.0,0.6060606060606061,0.0,4.444444444444445,0.0,0.0,0.20202020202020202,0.0,0.0,0.0,0.0,0.20202020202020202,0.0,0.04242424242424243,0.012121212121212121,0.09696969696969697,0.2505050505050505,0.05858585858585859,0.024242424242424242,0.09494949494949495,0.06262626262626263,0.03434343434343434,0.08080808080808081,0.05858585858585859,2.1232323232323234,0.6303030303030303,0.5131313131313131,0.3151515151515151,0.48282828282828283,0.18181818181818182,2.4767676767676767,0.37575758,0.00808080808080808,0.01818181818181818,0.020202020202020204,2,21,11.14677106,0.88860946,248.0,2.51548322,80.35947232,0.11155305,-0.11171399,0.75,'MJ'
53.57142857,6.24242424,47.5,38.70723447,71.25,106.79975421,1.948051948051948,2.5974025974025974,0.6493506493506493,0.0,0.974025974025974,0.3246753246753247,2.272727272727273,0.0,0.0,0.3246753246753247,0.0,0.0,0.0,0.0,0.0,0.0,0.045454545454545456,0.006493506493506494,0.12012987012987013,0.2662337662337662,0.07792207792207792,0.01948051948051948,0.08116883116883117,0.045454545454545456,0.05844155844155844,0.06168831168831169,0.045454545454545456,2.2142857142857144,0.6948051948051948,0.5064935064935064,0.37662337662337664,0.44155844155844154,0.19480519480519481,2.435064935064935,0.38961039,0.012987012987012988,0.03571428571428571,0.045454545454545456,2,21,9.40174756,0.89107444,165.0,2.41730641,75.89391129,0.11478801,-0.12096154,0.72727273,'BMM'
32.13283442,7.30858806,23.04878049,11.78041206,36.32692308,54.6072414,3.7885874649204863,5.144995322731525,0.0,0.0,0.7951356407857811,0.04677268475210477,4.1627689429373245,0.09354536950420954,0.0,0.8419083255378859,0.0,0.4677268475210477,0.09354536950420954,0.2806361085126286,0.04677268475210477,0.1403180542563143,0.050046772684752105,0.029466791393826006,0.0813844714686623,0.22637979420018708,0.04303086997193639,0.015902712815715623,0.1127221702525725,0.0706267539756782,0.05893358278765201,0.057998129092609915,0.04069223573433115,2.0865294667913936,0.5126286248830683,0.6094480823199252,0.31431244153414406,0.490177736202058,0.1599625818521983,2.434518241347053,0.20299345,0.009354536950420954,0.009354536950420954,0.009354536950420954,2,21,14.85774453,0.85193699,687.0,2.71781984,74.71174692,0.11569259,-0.090399,0.63173217,'VE'
34.86924035,7.1375,24.8245614,14.21775861,34.48780488,33.40813538,3.4246575342465753,5.354919053549191,0.0,0.0,0.7471980074719801,0.062266500622665005,3.4246575342465753,0.18679950186799502,0.0,0.5603985056039851,0.0,0.43586550435865506,0.062266500622665005,0.062266500622665005,0.062266500622665005,0.0,0.05292652552926526,0.029887920298879204,0.0759651307596513,0.24221668742216687,0.04234122042341221,0.013075965130759652,0.10087173100871731,0.06973848069738481,0.05603985056039851,0.05666251556662515,0.045454545454545456,2.056662515566625,0.5174346201743462,0.5666251556662516,0.3082191780821918,0.4975093399750934,0.16687422166874222,2.387920298879203,0.23785803,0.012453300124533,0.012453300124533,0.012453300124533,2,15,13.9738236,0.85726955,560.0,2.67510607,74.6109603,0.11577071,-0.09390297,0.68214286,'SDEG'
52.52525253,6.85096154,36.2,12.52038338,36.2,51.40778151,2.525252525252525,5.303030303030303,1.0101010101010102,0.0,0.25252525252525254,0.0,3.282828282828283,0.0,0.0,0.5050505050505051,0.0,0.5050505050505051,0.0,0.25252525252525254,0.25252525252525254,0.0,0.050505050505050504,0.03787878787878788,0.08080808080808081,0.21717171717171718,0.05808080808080808,0.030303030303030304,0.1111111111111111,0.06313131313131314,0.07323232323232323,0.05303030303030303,0.050505050505050504,2.2373737373737375,0.6136363636363636,0.6085858585858586,0.37373737373737376,0.5025252525252525,0.1388888888888889,2.48989898989899,0.36616162,0.012626262626262626,0.025252525252525252,0.03787878787878788,2,21,10.45239328,0.89235386,208.0,2.4766205,80.16410889,0.1116889,-0.11588082,0.69711538,'SDFI'
44.22253923,7.11935484,27.47826087,12.15075437,57.45454545,65.5665708,3.138373751783167,5.420827389443652,0.0,0.0,0.8559201141226819,0.0,5.1355206847360915,0.14265335235378032,0.0,0.7132667617689016,0.14265335235378032,0.28530670470756064,0.0,0.14265335235378032,0.0,0.0,0.04850213980028531,0.025677603423680456,0.09272467902995721,0.2710413694721826,0.04136947218259629,0.009985734664764621,0.0884450784593438,0.07703281027104136,0.0442225392296719,0.05563480741797432,0.04850213980028531,2.1326676176890156,0.5164051355206848,0.6005706134094151,0.38516405135520687,0.5164051355206848,0.11412268188302425,2.5106990014265333,0.30955777,0.017118402282453638,0.028530670470756064,0.028530670470756064,2,18,11.70853841,0.87547736,310.0,2.55371815,75.91607865,0.11477125,-0.10578239,0.7,'MJ'
43.8718663,7.13650794,33.5,28.07222827,67.0,88.18843462,2.785515320334262,2.785515320334262,0.5571030640668524,0.0,0.5571030640668524,0.0,4.3175487465181055,0.0,0.0,0.8356545961002786,0.0,0.1392757660167131,0.0,0.0,0.0,0.1392757660167131,0.04874651810584958,0.020891364902506964,0.10167130919220056,0.22841225626740946,0.0584958217270195,0.012534818941504178,0.12256267409470752,0.07799442896935933,0.08217270194986072,0.054317548746518104,0.04317548746518106,2.183844011142061,0.5348189415041783,0.6991643454038997,0.29526462395543174,0.5027855153203342,0.15181058495821728,2.605849582172702,0.31476323,0.012534818941504178,0.027855153203342618,0.027855153203342618,2,15,11.75569559,0.87472048,315.0,2.55668647,75.73337024,0.11490961,-0.105397,0.71746032,'BMM'
45.67526555,7.17607973,23.96,9.31871236,74.875,35.95635375,3.793626707132018,4.855842185128983,0.0,0.0,0.0,0.15174506828528073,4.855842185128983,0.15174506828528073,0.0,0.4552352048558422,0.0,0.30349013657056145,0.0,0.15174506828528073,0.0,0.4552352048558422,0.051593323216995446,0.03338391502276176,0.08801213960546282,0.26100151745068284,0.05311077389984825,0.007587253414264037,0.09256449165402124,0.0622154779969651,0.03793626707132018,0.05918057663125948,0.05614567526555387,2.180576631259484,0.590288315629742,0.5948406676783005,0.3945371775417299,0.47040971168437024,0.13050075872534142,2.5553869499241273,0.33080425,0.004552352048558422,0.02276176024279211,0.02276176024279211,2,19,11.72529528,0.87927182,301.0,2.55136287,77.56378246,0.11354565,-0.10678925,0.72425249,'SDLMM'
48.15864023,5.66470588,14.0,7.12868724,18.11764706,10.06965361,3.9660056657223794,3.9660056657223794,0.0,0.0,0.0,0.0,3.1161473087818696,0.28328611898017,0.0,0.8498583569405099,0.0,1.13314447592068,0.0,0.0,0.0,0.56657223796034,0.05099150141643059,0.05099150141643059,0.11048158640226628,0.19263456090651557,0.025495750708215296,0.0169971671388102,0.09631728045325778,0.059490084985835696,0.0821529745042493,0.031161473087818695,0.025495750708215296,1.906515580736544,0.623229461756374,0.4164305949008499,0.31444759206798867,0.37677053824362605,0.17563739376770537,2.0169971671388103,0.3286119,0.0084985835694051,0.019830028328611898,0.0226628895184136,2,18,9.04818702,0.87544983,170.0,2.40466381,67.95272998,0.12130998,-0.11815,0.68235294,'PDJE'
55.83756345,5.64545455,10.375,7.42356889,10.375,5.34877322,4.060913705583756,3.045685279187817,0.0,0.0,0.5076142131979695,0.0,0.5076142131979695,0.0,0.0,0.5076142131979695,0.0,0.5076142131979695,0.0,0.0,0.0,0.0,0.06598984771573604,0.030456852791878174,0.09644670050761421,0.20304568527918782,0.03553299492385787,0.015228426395939087,0.08629441624365482,0.030456852791878174,0.1065989847715736,0.025380710659898477,0.025380710659898477,1.9796954314720812,0.583756345177665,0.38578680203045684,0.37055837563451777,0.4517766497461929,0.18781725888324874,2.1269035532994924,0.39086294,0.015228426395939087,0.03553299492385787,0.04060913705583756,3,18,7.8371755,0.88970265,110.0,2.31431552,69.10457887,0.12029473,-0.13118743,0.7,'VE'
48.21917808,5.72159091,14.85714286,10.96003873,14.85714286,9.18220699,2.191780821917808,5.7534246575342465,0.0,1.095890410958904,0.821917808219178,0.0,2.73972602739726,0.273972602739726,0.273972602739726,0.0,0.0,0.547945205479452,0.0,0.0,0.0,0.273972602739726,0.049315068493150684,0.0273972602739726,0.07671232876712329,0.18356164383561643,0.0273972602739726,0.010958904109589041,0.1232876712328767,0.052054794520547946,0.1095890410958904,0.030136986301369864,0.024657534246575342,1.9616438356164383,0.5616438356164384,0.4328767123287671,0.3452054794520548,0.4575342465753425,0.1643835616438356,2.115068493150685,0.33972603,0.0136986301369863,0.03287671232876712,0.03561643835616438,2,18,9.21226104,0.87636847,176.0,2.41448044,68.84774781,0.12051889,-0.11748082,0.70454545,'SDEG'
46.83257919,6.58937198,18.80952381,14.41103759,18.80952381,16.14110118,2.9411764705882355,3.3936651583710407,0.0,0.0,2.48868778280543,0.0,2.262443438914027,0.45248868778280543,0.0,0.22624434389140272,0.0,0.45248868778280543,0.0,0.0,0.0,0.0,0.06787330316742081,0.042986425339366516,0.08597285067873303,0.2398190045248869,0.04072398190045249,0.029411764705882353,0.07918552036199095,0.042986425339366516,0.08144796380090498,0.04072398190045249,0.05203619909502263,2.2217194570135748,0.6742081447963801,0.48642533936651583,0.4253393665158371,0.4841628959276018,0.1515837104072398,2.484162895927602,0.32579186,0.02262443438914027,0.042986425339366516,0.04524886877828054,2,18,9.84598593,0.87546339,207.0,2.45365672,70.56481218,0.11904356,-0.11379014,0.69565217,'FLG'
53.88739946,6.13432836,16.38095238,11.82602534,43.0,20.24228248,5.630026809651475,2.680965147453083,0.0,0.0,0.0,0.0,1.876675603217158,0.5361930294906166,0.2680965147453083,0.5361930294906166,0.0,2.9490616621983916,0.0,0.0,0.2680965147453083,0.5361930294906166,0.03485254691689008,0.09919571045576407,0.08579088471849866,0.1769436997319035,0.045576407506702415,0.01876675603217158,0.15013404825737264,0.06166219839142091,0.0938337801608579,0.029490616621983913,0.029490616621983913,2.0509383378016084,0.6327077747989276,0.4932975871313673,0.3109919571045576,0.45576407506702415,0.1581769436997319,2.3458445040214477,0.39678284,0.00804289544235925,0.013404825737265416,0.021447721179624665,1,15,10.4073855,0.89558975,201.0,2.47226957,81.82176968,0.11055174,-0.11705157,0.73631841,'SDFI'
50.96153846,6.53773585,14.76923077,9.34923976,24.0,14.16862732,6.25,3.3653846153846154,0.0,0.0,0.0,0.0,3.8461538461538463,0.9615384615384616,0.4807692307692308,0.0,0.0,3.3653846153846154,0.0,0.0,0.0,1.9230769230769231,0.08653846153846154,0.0673076923076923,0.07211538461538461,0.18269230769230768,0.028846153846153848,0.014423076923076924,0.14903846153846154,0.0625,0.052884615384615384,0.0673076923076923,0.0673076923076923,2.1201923076923075,0.6201923076923077,0.4230769230769231,0.4855769230769231,0.4230769230769231,0.16826923076923078,2.543269230769231,0.33173077,0.014423076923076924,0.038461538461538464,0.07211538461538461,2,16,7.3497776,0.87370601,106.0,2.28456898,60.97233656,0.12806592,-0.12985116,0.6509434,'SDMJ'
44.84978541,5.83253589,15.11111111,9.25095924,27.2,18.31283703,4.07725321888412,2.7896995708154506,0.0,0.0,1.9313304721030042,0.0,1.502145922746781,0.4291845493562232,0.4291845493562232,0.0,0.0,1.502145922746781,0.0,0.0,0.0,0.8583690987124464,0.05793991416309013,0.04721030042918455,0.08798283261802575,0.20386266094420602,0.034334763948497854,0.019313304721030045,0.10944206008583691,0.03648068669527897,0.11158798283261803,0.030042918454935622,0.032188841201716736,1.9592274678111588,0.6266094420600858,0.4334763948497854,0.3133047210300429,0.40772532188841204,0.1781115879828326,2.1351931330472103,0.29828326,0.023605150214592276,0.027896995708154508,0.03862660944206009,2,18,9.68173804,0.86949428,209.0,2.44834437,67.9218199,0.12133758,-0.11281093,0.66507177,'SDLL'
50.33557047,6.06,15.58823529,7.54639628,15.58823529,5.25870509,3.0201342281879193,2.684563758389262,0.0,0.0,0.0,0.0,1.6778523489932886,0.0,0.0,0.33557046979865773,0.0,1.342281879194631,0.0,0.0,0.0,0.0,0.03355704697986577,0.026845637583892617,0.1040268456375839,0.2348993288590604,0.04697986577181208,0.013422818791946308,0.09060402684563758,0.026845637583892617,0.09731543624161074,0.07046979865771812,0.03691275167785235,1.9932885906040267,0.5805369127516778,0.4463087248322148,0.33557046979865773,0.42953020134228187,0.20134228187919462,2.1778523489932886,0.37919463,0.013422818791946308,0.030201342281879196,0.03691275167785235,2,18,8.6892667,0.8795073,150.0,2.37868925,68.2129982,0.12107833,-0.1216614,0.75333333,'BMM'
52.03252033,7.0,38.55555556,20.12798555,31.54545455,33.81060521,2.168021680216802,3.252032520325203,0.0,0.0,0.5420054200542005,0.0,3.252032520325203,0.0,0.0,0.27100271002710025,0.0,0.5420054200542005,0.0,0.0,0.0,0.0,0.07588075880758807,0.018970189701897018,0.07588075880758807,0.2764227642276423,0.02981029810298103,0.013550135501355014,0.07588075880758807,0.04607046070460705,0.05420054200542006,0.10298102981029811,0.08672086720867209,2.3848238482384825,0.6693766937669376,0.5718157181571816,0.4281842818428184,0.5718157181571816,0.14363143631436315,2.7398373983739837,0.37669377,0.016260162601626018,0.04878048780487805,0.05420054200542006,2,19,9.99512076,0.88947323,192.0,2.45299828,77.15304505,0.11384749,-0.1172648,0.72395833,'CB'
44.61538462,6.32758621,23.0,12.08304597,8.84615385,8.64555158,3.8461538461538463,4.615384615384615,0.0,0.0,5.384615384615385,0.0,3.8461538461538463,0.0,0.0,0.7692307692307693,0.0,0.0,0.0,0.0,0.0,0.0,0.06153846153846154,0.0,0.05384615384615385,0.2076923076923077,0.046153846153846156,0.007692307692307693,0.05384615384615385,0.05384615384615385,0.007692307692307693,0.18461538461538463,0.07692307692307693,2.253846153846154,0.5230769230769231,0.46153846153846156,0.5230769230769231,0.5230769230769231,0.2230769230769231,2.5,0.26153846,0.015384615384615385,0.08461538461538462,0.1,2,17,5.08693651,0.83418886,58.0,2.08323947,42.35160425,0.1536615,-0.14235978,0.5862069,'VE'
54.01459854,5.77027027,24.6,16.48757108,11.18181818,13.36085314,2.9197080291970803,3.6496350364963503,0.0,0.0,5.109489051094891,0.0,0.7299270072992701,0.0,0.0,0.7299270072992701,0.0,0.7299270072992701,0.0,0.0,0.0,0.0,0.06569343065693431,0.021897810218978103,0.10218978102189781,0.19708029197080293,0.043795620437956206,0.029197080291970802,0.072992700729927,0.051094890510948905,0.0072992700729927005,0.1386861313868613,0.058394160583941604,2.3795620437956204,0.6204379562043796,0.5912408759124088,0.4233576642335766,0.5985401459854015,0.145985401459854,2.576642335766423,0.37226277,0.014598540145985401,0.043795620437956206,0.058394160583941604,2,19,6.32224667,0.87481337,74.0,2.19615598,56.69960181,0.13280365,-0.14085839,0.68918919,'SDEG'
43.35378323,6.70283019,31.78571429,17.74493317,24.72222222,58.53755258,2.658486707566462,3.6809815950920246,0.6134969325153374,0.0,0.6134969325153374,0.0,3.885480572597137,0.0,0.20449897750511248,0.40899795501022496,0.0,0.40899795501022496,0.0,0.0,0.0,0.40899795501022496,0.06339468302658487,0.03067484662576687,0.10020449897750511,0.24948875255623723,0.05521472392638037,0.010224948875255624,0.09815950920245399,0.06339468302658487,0.04294478527607362,0.06134969325153374,0.05112474437627812,2.214723926380368,0.5378323108384458,0.6850715746421268,0.3783231083844581,0.4887525562372188,0.12474437627811862,2.5644171779141103,0.25766871,0.03067484662576687,0.0408997955010225,0.0408997955010225,2,14,9.58697139,0.86503112,212.0,2.44612014,66.19074571,0.122914,-0.11193333,0.59433962,'SDFI'
38.53633572,7.29614874,36.95744681,32.01393144,96.5,81.13175156,2.40532241555783,6.755373592630502,0.46059365404298874,0.0,0.2047082906857728,0.1023541453428864,3.3265097236438077,0.2047082906857728,0.0,0.7164790174002047,0.0,0.35823950870010235,0.0511770726714432,0.0511770726714432,0.0,0.1535312180143296,0.05322415557830092,0.019959058341862845,0.08034800409416581,0.2338792221084954,0.04759467758444217,0.019959058341862845,0.08137154554759468,0.07318321392016376,0.05834186284544524,0.08034800409416581,0.057318321392016376,2.1064483111566017,0.5322415557830092,0.5685772773797338,0.33265097236438074,0.5087001023541453,0.16427840327533266,2.4022517911975436,0.26867963,0.01023541453428864,0.01023541453428864,0.01023541453428864,2,19,17.03462967,0.87416011,753.0,2.76958929,86.87400146,0.10728897,-0.09147261,0.69721116,'BMM'
24.93261456,7.05945946,36.11111111,37.60450459,10.48387097,5.06965016,2.4258760107816713,3.504043126684636,1.0781671159029649,0.0,1.8867924528301887,0.0,5.390835579514825,0.2695417789757412,0.0,0.2695417789757412,0.0,0.2695417789757412,0.0,0.0,0.0,0.0,0.08086253369272237,0.03234501347708895,0.1078167115902965,0.215633423180593,0.026954177897574125,0.02021563342318059,0.0673854447439353,0.0660377358490566,0.026954177897574125,0.06334231805929919,0.026954177897574125,2.1994609164420487,0.5431266846361186,0.605121293800539,0.40970350404312667,0.4865229110512129,0.15498652291105122,2.4946091644204853,0.01078167,0.026954177897574125,0.026954177897574125,0.026954177897574125,2,87,6.79156366,0.78984415,185.0,2.3150156,45.37240009,0.14845818,-0.10487068,0.04324324,'FADJ'
19.30965483,6.93782383,29.24590164,28.46721193,9.53475936,4.51054858,3.0515257628814405,4.552276138069034,0.05002501250625312,0.0,0.80040020010005,0.0,2.651325662831416,0.0,0.0,0.3001500750375188,0.0,0.4502251125562781,0.10005002501250625,0.1500750375187594,0.2001000500250125,0.0,0.0735367683841921,0.022511255627813906,0.07453726863431716,0.21810905452726362,0.03601800900450225,0.0050025012506253125,0.07553776888444222,0.05252626313156578,0.058529264632316155,0.1025512756378189,0.0335167583791896,2.2066033016508255,0.631815907953977,0.5717858929464732,0.3311655827913957,0.4932466233116558,0.17858929464732365,2.5117558779389695,0.02151076,0.010005002501250625,0.010005002501250625,0.010005002501250625,2,17,8.63338101,0.78362133,386.0,2.48707658,50.67533989,0.14047585,-0.09119814,0.11139896,'FADJ'
26.53386454,7.64264264,46.375,22.63627712,92.75,68.9759922,1.9123505976095618,8.127490039840637,0.47808764940239046,0.0,0.6374501992031872,0.0,4.701195219123506,0.0,0.0,0.398406374501992,0.0,0.1593625498007968,0.0,0.1593625498007968,0.1593625498007968,0.0,0.09243027888446215,0.009561752988047808,0.09243027888446215,0.23745019920318725,0.04860557768924303,0.022310756972111555,0.07330677290836653,0.06374501992031872,0.055776892430278883,0.06135458167330677,0.0398406374501992,2.254980079681275,0.5705179282868525,0.5880478087649402,0.39282868525896414,0.5243027888446216,0.17928286852589642,2.7083665338645417,0.05099602,0.01593625498007968,0.01593625498007968,0.01593625498007968,2,16,9.39988133,0.81404784,333.0,2.49115072,55.35548324,0.13440632,-0.09714808,0.19219219,'FLG'
10.74990028,7.63265306,57.93506494,36.03762019,79.66071429,59.83199001,1.5357000398883127,9.19425608296769,0.059832469086557635,0.0,0.3191065017949741,0.0,5.66414040686079,0.0997207818109294,0.03988831272437176,0.5584363781412046,0.0,0.11966493817311527,0.0997207818109294,0.059832469086557635,0.0,0.0,0.051655364978061426,0.01655364978061428,0.06721180694056642,0.25049860390905465,0.040885520542481055,0.015357000398883127,0.1088950937375349,0.08436378141204627,0.046868767451136814,0.0682090147586757,0.01336258476266454,2.230355005983247,0.563621858795373,0.6282409254088552,0.4022736338252892,0.49960111687275627,0.13661747108097327,2.688272836059035,0.00019944,0.003988831272437176,0.003988831272437176,0.003988831272437176,2,18,7.6119618,0.73823046,539.0,2.50693346,46.95636511,0.14593275,-0.08135513,0.00185529,'ISAMARMAR MA'
61.76470588,6.06349206,30.0,16.26857912,10.0,3.60555128,2.9411764705882355,8.823529411764707,0.0,0.0,0.9803921568627451,0.0,0.9803921568627451,0.0,0.49019607843137253,0.0,0.0,0.9803921568627451,0.0,0.0,0.0,0.0,0.06372549019607843,0.024509803921568627,0.08823529411764706,0.21568627450980393,0.049019607843137254,0.0196078431372549,0.10294117647058823,0.06372549019607843,0.09313725490196079,0.029411764705882353,0.04411764705882353,2.093137254901961,0.5392156862745098,0.5294117647058824,0.31862745098039214,0.5392156862745098,0.16666666666666666,2.377450980392157,0.47058824,0.004901960784313725,0.00980392156862745,0.014705882352941176,2,13,8.82176453,0.90939691,126.0,2.37348062,84.68172135,0.10866887,-0.13032867,0.76190476,'SDLLR'
56.22641509,5.60402685,18.69230769,14.06241371,22.09090909,22.59708165,4.90566037735849,1.8867924528301887,0.0,0.0,0.7547169811320755,0.0,2.2641509433962264,0.37735849056603776,0.0,0.37735849056603776,0.0,1.8867924528301887,0.0,0.0,0.0,0.0,0.04150943396226415,0.06415094339622641,0.07169811320754717,0.1660377358490566,0.022641509433962263,0.01509433962264151,0.10943396226415095,0.05660377358490566,0.10566037735849057,0.07924528301886792,0.07547169811320754,1.950943396226415,0.5056603773584906,0.5358490566037736,0.2943396226415094,0.4075471698113208,0.20754716981132076,2.2264150943396226,0.4,0.011320754716981131,0.018867924528301886,0.022641509433962263,3,15,9.15299724,0.89680799,149.0,2.39922252,78.00845019,0.11322157,-0.12422034,0.7114094,'TD'
28.45714286,6.64257028,29.96153846,23.16907881,11.28985507,3.54720322,2.9714285714285715,6.857142857142857,0.6857142857142857,0.0,0.45714285714285713,0.0,3.2,0.0,0.0,0.11428571428571428,0.45714285714285713,0.34285714285714286,0.0,0.0,0.0,0.45714285714285713,0.04228571428571429,0.029714285714285714,0.10285714285714286,0.21257142857142858,0.025142857142857144,0.012571428571428572,0.10857142857142857,0.060571428571428575,0.08228571428571428,0.05142857142857143,0.025142857142857144,2.0754285714285716,0.5462857142857143,0.6022857142857143,0.29028571428571426,0.4845714285714286,0.152,2.380571428571429,0.04914286,0.022857142857142857,0.022857142857142857,0.022857142857142857,2,15,8.41773638,0.81447749,249.0,2.42032005,52.67899529,0.13777844,-0.10231962,0.17269076,'SDLLR'
74.44444444,6.31343284,27.33333333,8.33999734,7.45454545,3.89320238,3.3333333333333335,5.555555555555555,0.0,0.0,0.0,0.0,3.3333333333333335,0.0,0.0,0.0,0.0,0.0,0.0,0.0,0.0,0.0,0.022222222222222223,0.0,0.1,0.26666666666666666,0.05555555555555555,0.022222222222222223,0.1,0.03333333333333333,0.07777777777777778,0.08888888888888889,0.06666666666666667,2.2555555555555555,0.6666666666666666,0.5888888888888889,0.37777777777777777,0.5,0.12222222222222222,2.6222222222222222,0.63333333,0.0,0.0,0.0,2,15,7.06242011,0.93441566,67.0,2.24783998,98.98480365,0.1005115,-0.15400491,0.85074627,'SDLLR'
61.57635468,6.92,22.625,11.83149927,36.2,28.95099307,2.955665024630542,5.911330049261084,0.0,0.49261083743842365,0.0,0.0,3.4482758620689653,0.0,0.0,0.9852216748768473,0.0,0.0,0.0,0.0,0.0,0.0,0.019704433497536946,0.014778325123152709,0.11822660098522167,0.2660098522167488,0.03940886699507389,0.009852216748768473,0.08374384236453201,0.054187192118226604,0.04433497536945813,0.10344827586206896,0.09359605911330049,2.3891625615763545,0.645320197044335,0.7142857142857143,0.4482758620689655,0.458128078817734,0.12315270935960591,2.9064039408866993,0.4729064,0.009852216748768473,0.014778325123152709,0.019704433497536946,2,21,8.77328008,0.90873829,125.0,2.37064564,83.9929063,0.10911355,-0.13044908,0.768,'CB'
11.45989787,7.41677588,29.79187817,18.58830851,10.57477477,4.51457037,2.5232802643436467,7.299489336136978,0.0,0.06007810153199159,0.12015620306398318,0.0,3.4544908380895163,0.19525382997897267,0.0,0.6908981676179032,0.18023430459597475,0.22529288074496845,0.030039050765995796,0.06007810153199159,0.07509762691498949,0.04505857614899369,0.042355061580054074,0.024632021628116552,0.08546109942925803,0.21883448483027937,0.041303694803244216,0.022829678582156804,0.10318413938119556,0.0650345449083809,0.07179333133072995,0.05767497747071192,0.016972063682787624,2.0827575848603184,0.5659357164313608,0.5764493841994593,0.3317813157104236,0.4683088014418744,0.14028236707720035,2.407029137879243,0.01171523,0.0030039050765995794,0.0030039050765995794,0.0030039050765995794,2,33,9.35088342,0.75392763,763.0,2.61137602,51.61438222,0.13919211,-0.07873461,0.10222805,'FLG'
47.2,6.8559322,35.83333333,19.56541734,86.0,161.03043191,2.2,9.4,0.0,0.0,0.8,0.0,3.8,0.4,0.2,1.0,0.0,1.0,0.2,0.6,0.4,0.4,0.036,0.04,0.096,0.188,0.05,0.014,0.122,0.08,0.078,0.078,0.08,2.132,0.538,0.586,0.386,0.482,0.14,2.424,0.33,0.01,0.02,0.034,2,21,10.55424085,0.87919169,236.0,2.49101531,74.21496405,0.11607916,-0.11153314,0.69915254,'SJBI'
14.00368518,7.7406015,40.6,18.06211505,10.81818182,4.26454897,2.316399052382206,4.395893656225322,0.21058173203474598,0.0,0.7896814951302974,0.0,3.816793893129771,0.1579362990260595,0.0,0.315872598052119,0.0,0.13161358252171623,0.0,0.07896814951302975,0.10529086601737299,0.0,0.05290866017372993,0.01579362990260595,0.0939720979205054,0.2587523032376941,0.03895762042642801,0.018952355883127138,0.08449591997894183,0.0631745196104238,0.04369570939720979,0.08133719399842064,0.025533035009212952,2.3077125559357725,0.5962095288233745,0.6088444327454593,0.4295867333508818,0.524085285601474,0.1489865754145828,2.662016320084233,0.011582,0.0052645433008686494,0.0052645433008686494,0.0052645433008686494,2,22,8.63131538,0.76149817,532.0,2.53518195,49.85875463,0.14162153,-0.08409406,0.08270677,'CB'
15.33477322,7.03286385,44.48214286,37.45759082,31.93589744,44.86399383,1.5838732901367891,6.6594672426205905,0.4319654427645788,0.0,0.07199424046076314,0.17998560115190784,3.923686105111591,0.17998560115190784,0.0,0.5399568034557235,0.0,0.32397408207343414,0.07199424046076314,0.17998560115190784,0.07199424046076314,0.1079913606911447,0.05363570914326854,0.02771778257739381,0.0802735781137509,0.26457883369330454,0.047516198704103674,0.01511879049676026,0.09251259899208063,0.07631389488840892,0.047516198704103674,0.06695464362850972,0.02159827213822894,2.1785457163426925,0.5511159107271418,0.6051115910727142,0.36861051115910726,0.5172786177105831,0.13642908567314616,2.463642908567315,0.0161987,0.007199424046076314,0.007199424046076314,0.007199424046076314,2,21,8.08245841,0.76353486,426.0,2.484279,48.37850798,0.14377182,-0.0874134,0.1056338,'SDRM'
